date,Room Number,T_Occupancy,T_time,Camera1,Camera2,Camera3
30-03-2022,M1 Room,3,9:39:59,1,2,0
30-03-2022,M1 Room,1,9:40:07,1,0,0
30-03-2022,M1 Room,2,9:40:27,1,1,0
30-03-2022,M1 Room,2,9:40:31,2,0,0
30-03-2022,M1 Room,1,9:40:34,0,1,0
30-03-2022,M1 Room,2,9:40:38,1,1,0
30-03-2022,M1 Room,2,9:40:38,2,0,0
30-03-2022,M1 Room,1,9:40:43,0,1,0
30-03-2022,M1 Room,2,9:40:46,2,0,0
30-03-2022,M1 Room,1,9:40:49,0,1,0
30-03-2022,M1 Room,2,9:40:51,2,0,0
30-03-2022,M1 Room,1,9:42:44,0,1,0
30-03-2022,M1 Room,3,9:42:45,1,1,1
30-03-2022,M1 Room,1,9:42:48,0,1,0
30-03-2022,M1 Room,3,9:42:51,2,1,0
30-03-2022,M1 Room,1,9:43:48,0,0,1
30-03-2022,M1 Room,2,9:43:53,1,0,1
30-03-2022,M1 Room,2,9:43:58,1,1,0
30-03-2022,M1 Room,2,9:44:12,1,0,1
30-03-2022,M1 Room,1,9:44:15,0,1,0
30-03-2022,M1 Room,3,9:44:16,1,0,2
30-03-2022,M1 Room,1,9:44:17,0,1,0
30-03-2022,M1 Room,3,9:44:24,2,0,1
30-03-2022,M1 Room,3,9:44:27,2,0,1
30-03-2022,M1 Room,3,9:44:31,1,0,2
30-03-2022,M1 Room,1,9:44:33,0,1,0
30-03-2022,M1 Room,3,9:44:43,2,0,1
30-03-2022,M1 Room,3,9:44:46,2,0,1
30-03-2022,M1 Room,3,9:44:48,2,1,0
30-03-2022,M1 Room,1,9:44:55,0,1,0
30-03-2022,M1 Room,3,9:44:55,1,0,2
30-03-2022,M1 Room,5,9:44:58,2,0,3
30-03-2022,M1 Room,0,9:44:58,0,0,0
30-03-2022,M1 Room,4,9:45:12,2,0,2
30-03-2022,M1 Room,3,9:45:16,1,0,2
30-03-2022,M1 Room,1,9:45:16,0,1,0
30-03-2022,M1 Room,1,9:45:38,0,1,0
30-03-2022,M1 Room,1,9:45:41,0,1,0
30-03-2022,M1 Room,1,9:45:44,0,1,0
30-03-2022,M1 Room,5,9:47:38,1,2,2
30-03-2022,M1 Room,5,9:47:52,1,2,2
30-03-2022,M1 Room,5,9:48:07,1,2,2
30-03-2022,M1 Room,4,9:48:10,1,2,1
30-03-2022,M1 Room,5,9:48:15,1,2,2
30-03-2022,M1 Room,3,9:48:31,1,0,2
30-03-2022,M1 Room,5,9:48:34,2,1,2
30-03-2022,M1 Room,7,9:48:54,3,1,3
30-03-2022,M1 Room,6,9:48:58,3,0,3
30-03-2022,M1 Room,6,9:49:01,3,0,3
30-03-2022,M1 Room,5,9:49:05,3,0,2
30-03-2022,M1 Room,7,9:49:08,3,1,3
30-03-2022,M1 Room,5,9:49:25,1,1,3
30-03-2022,M1 Room,4,9:49:52,1,2,1
30-03-2022,M1 Room,5,9:49:55,2,2,1
30-03-2022,M1 Room,5,9:50:18,2,1,2
30-03-2022,M1 Room,5,9:50:54,3,0,2
30-03-2022,M1 Room,6,9:50:57,4,0,2
30-03-2022,M1 Room,6,9:51:07,4,0,2
30-03-2022,M1 Room,1,9:51:27,1,0,0
30-03-2022,M1 Room,3,9:52:04,2,1,0
30-03-2022,M1 Room,6,9:52:17,4,0,2
30-03-2022,M1 Room,3,9:52:25,2,1,0
30-03-2022,M1 Room,5,9:52:27,3,0,2
30-03-2022,M1 Room,5,9:52:58,3,0,2
30-03-2022,M1 Room,4,9:53:06,2,0,2
30-03-2022,M1 Room,6,10:24:25,3,1,2
30-03-2022,M1 Room,5,10:26:18,2,2,1
30-03-2022,M1 Room,6,10:29:44,3,2,1
30-03-2022,M1 Room,5,10:30:05,3,2,0
30-03-2022,M1 Room,4,10:34:30,1,2,1
30-03-2022,M1 Room,1,10:37:39,0,1,0
30-03-2022,M1 Room,4,10:38:36,2,0,2
30-03-2022,M1 Room,4,10:39:20,2,1,1
30-03-2022,M1 Room,7,10:41:13,3,0,4
30-03-2022,M1 Room,5,10:41:40,3,0,2
30-03-2022,M1 Room,5,10:42:28,2,1,2
30-03-2022,M1 Room,2,10:55:18,1,0,1
30-03-2022,M1 Room,1,10:55:37,1,0,0
30-03-2022,M1 Room,3,10:57:13,1,1,1
30-03-2022,M1 Room,2,10:57:41,1,1,0
30-03-2022,M1 Room,5,11:07:01,0,2,3
30-03-2022,M1 Room,2,11:07:23,1,1,0
30-03-2022,M1 Room,1,11:14:37,0,1,0
30-03-2022,M1 Room,1,11:15:17,0,1,0
30-03-2022,M1 Room,1,11:15:43,0,1,0
30-03-2022,M1 Room,2,11:15:49,0,2,0
30-03-2022,M1 Room,3,11:18:17,0,2,1
30-03-2022,M1 Room,4,11:18:57,1,2,1
30-03-2022,M1 Room,1,11:20:17,0,0,1
30-03-2022,M1 Room,1,11:20:31,0,0,1
30-03-2022,M1 Room,2,11:20:44,0,1,1
30-03-2022,M1 Room,1,11:21:27,1,0,0
30-03-2022,M1 Room,1,11:22:04,0,0,1
30-03-2022,M1 Room,0,11:22:12,0,0,0
30-03-2022,M1 Room,2,11:22:37,0,0,2
30-03-2022,M1 Room,2,11:22:58,1,1,0
30-03-2022,M1 Room,3,11:24:41,0,2,1
30-03-2022,M1 Room,2,11:26:25,1,1,0
30-03-2022,M1 Room,1,11:27:29,0,1,0
30-03-2022,M1 Room,1,11:27:34,0,1,0
30-03-2022,M1 Room,1,11:27:43,0,1,0
30-03-2022,M1 Room,1,11:27:54,0,1,0
30-03-2022,M1 Room,1,11:28:03,0,1,0
30-03-2022,M1 Room,1,11:28:41,0,1,0
30-03-2022,M1 Room,1,11:29:34,0,1,0
30-03-2022,M1 Room,1,11:30:02,0,1,0
30-03-2022,M1 Room,1,11:30:23,1,0,0
30-03-2022,M1 Room,1,11:30:51,0,1,0
30-03-2022,M1 Room,1,11:30:59,0,1,0
30-03-2022,M1 Room,2,11:31:17,0,2,0
30-03-2022,M1 Room,1,11:31:23,0,1,0
30-03-2022,M1 Room,2,11:31:32,0,2,0
30-03-2022,M1 Room,1,11:31:39,0,1,0
30-03-2022,M1 Room,1,11:31:55,0,1,0
30-03-2022,M1 Room,0,11:32:03,0,0,0
30-03-2022,M1 Room,1,11:32:56,0,1,0
30-03-2022,M1 Room,2,11:32:58,0,2,0
30-03-2022,M1 Room,3,11:33:16,0,2,1
30-03-2022,M1 Room,2,11:33:20,0,2,0
30-03-2022,M1 Room,5,11:34:06,0,3,2
30-03-2022,M1 Room,0,11:34:08,0,0,0
30-03-2022,M1 Room,3,11:36:20,1,1,1
30-03-2022,M1 Room,5,11:36:29,2,1,2
30-03-2022,M1 Room,3,11:36:49,1,1,1
30-03-2022,M1 Room,3,11:37:45,1,0,2
30-03-2022,M1 Room,3,11:37:57,0,1,2
30-03-2022,M1 Room,4,11:38:49,1,1,2
30-03-2022,M1 Room,5,11:41:24,1,1,3
30-03-2022,M1 Room,4,11:42:02,2,0,2
30-03-2022,M1 Room,4,11:44:36,1,1,2
30-03-2022,M1 Room,2,11:44:50,0,2,0
30-03-2022,M1 Room,3,11:44:56,0,2,1
30-03-2022,M1 Room,1,11:45:15,0,1,0
30-03-2022,M1 Room,1,11:45:38,0,1,0
30-03-2022,M1 Room,1,11:45:43,0,1,0
30-03-2022,M1 Room,3,11:45:50,0,1,2
30-03-2022,M1 Room,1,11:45:54,0,1,0
30-03-2022,M1 Room,2,11:46:16,1,1,0
30-03-2022,M1 Room,2,11:46:36,0,2,0
30-03-2022,M1 Room,2,11:47:01,1,1,0
30-03-2022,M1 Room,2,11:49:04,0,2,0
30-03-2022,M1 Room,1,11:49:08,0,1,0
30-03-2022,M1 Room,2,11:49:14,0,2,0
30-03-2022,M1 Room,1,11:49:19,0,1,0
30-03-2022,M1 Room,1,11:49:26,0,1,0
30-03-2022,M1 Room,1,11:49:30,0,1,0
30-03-2022,M1 Room,1,11:49:34,0,1,0
30-03-2022,M1 Room,6,11:49:58,2,2,2
30-03-2022,M1 Room,5,11:51:48,0,3,2
30-03-2022,M1 Room,3,11:51:49,2,1,0
30-03-2022,M1 Room,3,11:52:05,1,2,0
30-03-2022,M1 Room,7,11:52:12,0,4,3
30-03-2022,M1 Room,3,11:52:50,0,2,1
30-03-2022,M1 Room,3,11:52:54,1,2,0
30-03-2022,M1 Room,3,11:52:58,0,2,1
30-03-2022,M1 Room,3,11:53:03,1,2,0
30-03-2022,M1 Room,4,11:57:27,1,1,2
30-03-2022,M1 Room,3,11:57:56,1,2,0
30-03-2022,M1 Room,2,11:59:04,1,1,0
30-03-2022,M1 Room,2,11:59:18,1,1,0
30-03-2022,M1 Room,4,12:01:40,1,2,1
30-03-2022,M1 Room,4,12:02:03,1,2,1
30-03-2022,M1 Room,1,12:02:10,0,1,0
30-03-2022,M1 Room,2,12:02:13,0,2,0
30-03-2022,M1 Room,7,12:02:13,2,2,3
30-03-2022,M1 Room,2,12:02:19,1,1,0
30-03-2022,M1 Room,5,12:02:34,1,2,2
30-03-2022,M1 Room,0,12:02:53,0,0,0
30-03-2022,M1 Room,2,12:03:21,0,2,0
30-03-2022,M1 Room,5,12:03:28,1,2,2
30-03-2022,M1 Room,2,12:03:42,0,2,0
30-03-2022,M1 Room,4,12:04:01,1,1,2
30-03-2022,M1 Room,2,12:05:29,1,1,0
30-03-2022,M1 Room,3,12:05:43,1,2,0
30-03-2022,M1 Room,2,12:05:57,1,1,0
30-03-2022,M1 Room,3,12:06:09,1,2,0
30-03-2022,M1 Room,2,12:06:23,1,1,0
30-03-2022,M1 Room,1,12:06:33,1,0,0
30-03-2022,M1 Room,3,12:08:31,1,0,2
30-03-2022,M1 Room,4,12:10:20,0,2,2
30-03-2022,M1 Room,1,12:11:30,0,1,0
30-03-2022,M1 Room,1,12:11:44,0,1,0
30-03-2022,M1 Room,0,12:12:03,0,0,0
30-03-2022,M1 Room,2,12:31:05,0,2,0
30-03-2022,M1 Room,1,12:31:08,0,1,0
30-03-2022,M1 Room,4,12:37:45,1,2,1
30-03-2022,M1 Room,3,12:37:56,2,1,0
30-03-2022,M1 Room,3,12:46:46,1,1,1
30-03-2022,M1 Room,1,12:46:47,0,1,0
30-03-2022,M1 Room,4,13:06:37,1,2,1
30-03-2022,M1 Room,5,13:07:25,2,3,0
30-03-2022,M1 Room,8,13:07:37,3,4,1
30-03-2022,M1 Room,5,13:09:06,2,3,0
30-03-2022,M1 Room,4,13:14:00,1,2,1
30-03-2022,M1 Room,5,13:14:27,1,2,2
30-03-2022,M1 Room,4,13:14:32,1,2,1
30-03-2022,M1 Room,3,13:15:33,1,2,0
30-03-2022,M1 Room,4,14:13:39,3,0,1
30-03-2022,M1 Room,1,14:13:48,1,0,0
30-03-2022,M1 Room,1,14:21:17,0,1,0
30-03-2022,M1 Room,1,14:21:26,1,0,0
30-03-2022,M1 Room,4,14:23:33,2,0,2
30-03-2022,M1 Room,2,14:23:45,1,0,1
30-03-2022,M1 Room,2,14:24:59,0,0,2
30-03-2022,M1 Room,2,14:28:14,0,0,2
30-03-2022,M1 Room,3,14:29:20,0,1,2
30-03-2022,M1 Room,1,14:38:59,0,1,0
30-03-2022,M1 Room,1,14:39:16,0,1,0
30-03-2022,M1 Room,3,14:48:00,1,1,1
30-03-2022,M1 Room,3,14:48:19,1,1,1
30-03-2022,M1 Room,1,14:56:57,0,1,0
30-03-2022,M1 Room,1,14:57:00,0,1,0
30-03-2022,M1 Room,1,14:57:06,0,1,0
30-03-2022,M1 Room,1,14:57:20,0,1,0
30-03-2022,M1 Room,1,14:57:33,0,1,0
30-03-2022,M1 Room,1,14:57:47,0,1,0
30-03-2022,M1 Room,1,14:57:52,0,1,0
30-03-2022,M1 Room,1,14:57:57,0,1,0
30-03-2022,M1 Room,1,15:00:25,0,1,0
30-03-2022,M1 Room,1,15:00:30,0,1,0
30-03-2022,M1 Room,1,15:00:41,0,1,0
30-03-2022,M1 Room,1,15:03:56,0,1,0
30-03-2022,M1 Room,1,15:04:02,0,1,0
30-03-2022,M1 Room,1,15:04:12,0,1,0
30-03-2022,M1 Room,5,15:06:09,1,2,2
30-03-2022,M1 Room,2,15:06:45,0,1,1
30-03-2022,M1 Room,4,15:07:29,1,1,2
30-03-2022,M1 Room,5,15:07:56,1,2,2
30-03-2022,M1 Room,2,15:10:39,0,1,1
30-03-2022,M1 Room,1,15:10:51,0,1,0
30-03-2022,M1 Room,5,15:29:06,0,3,2
30-03-2022,M1 Room,4,15:29:18,0,3,1
30-03-2022,M1 Room,5,15:30:52,0,3,2
30-03-2022,M1 Room,5,15:35:56,1,3,1
30-03-2022,M1 Room,1,15:42:26,0,1,0
30-03-2022,M1 Room,1,15:42:39,0,1,0
30-03-2022,M1 Room,3,15:42:39,1,2,0
30-03-2022,M1 Room,2,15:42:46,1,1,0
30-03-2022,M1 Room,4,15:42:49,1,2,1
30-03-2022,M1 Room,2,15:42:52,1,1,0
30-03-2022,M1 Room,1,15:43:07,0,1,0
30-03-2022,M1 Room,3,15:43:07,0,2,1
30-03-2022,M1 Room,1,15:43:15,0,1,0
30-03-2022,M1 Room,4,15:43:38,1,2,1
30-03-2022,M1 Room,2,15:43:47,1,1,0
30-03-2022,M1 Room,3,15:43:49,2,1,0
30-03-2022,M1 Room,2,15:44:08,1,1,0
30-03-2022,M1 Room,2,15:44:13,1,1,0
30-03-2022,M1 Room,3,15:44:15,1,1,1
30-03-2022,M1 Room,2,15:44:31,1,1,0
30-03-2022,M1 Room,3,15:44:32,1,2,0
30-03-2022,M1 Room,2,15:44:42,1,1,0
30-03-2022,M1 Room,2,15:44:47,1,1,0
30-03-2022,M1 Room,2,15:45:08,1,1,0
30-03-2022,M1 Room,2,15:45:13,1,1,0
30-03-2022,M1 Room,2,15:45:14,1,1,0
30-03-2022,M1 Room,3,15:45:19,1,2,0
30-03-2022,M1 Room,2,15:45:20,1,1,0
30-03-2022,M1 Room,1,15:45:25,0,1,0
30-03-2022,M1 Room,2,15:45:42,1,1,0
30-03-2022,M1 Room,2,15:45:50,1,1,0
30-03-2022,M1 Room,2,15:46:14,1,1,0
30-03-2022,M1 Room,2,15:46:22,1,1,0
30-03-2022,M1 Room,4,15:46:26,2,2,0
30-03-2022,M1 Room,2,15:46:29,1,1,0
30-03-2022,M1 Room,5,15:46:33,2,3,0
30-03-2022,M1 Room,2,15:46:36,1,1,0
30-03-2022,M1 Room,2,15:46:40,1,1,0
30-03-2022,M1 Room,2,15:46:48,1,1,0
30-03-2022,M1 Room,2,15:46:55,1,1,0
30-03-2022,M1 Room,6,15:46:58,3,2,1
30-03-2022,M1 Room,2,15:47:08,1,1,0
30-03-2022,M1 Room,2,15:47:19,1,1,0
30-03-2022,M1 Room,2,15:47:28,1,1,0
30-03-2022,M1 Room,4,15:47:57,2,1,1
30-03-2022,M1 Room,1,9:38:36,0,1,0
30-03-2022,M1 Room,1,9:38:36,1,0,0
30-03-2022,M1 Room,2,9:38:41,0,2,0
30-03-2022,M1 Room,1,9:38:42,0,1,0
30-03-2022,M1 Room,0,9:38:44,0,0,0
30-03-2022,M1 Room,1,9:38:46,0,1,0
30-03-2022,M1 Room,1,9:38:49,0,0,1
30-03-2022,M1 Room,1,9:38:49,0,1,0
30-03-2022,M1 Room,2,9:38:54,1,0,1
30-03-2022,M1 Room,2,9:40:54,1,1,0
30-03-2022,M1 Room,2,9:40:58,1,1,0
30-03-2022,M1 Room,1,9:40:58,1,0,0
30-03-2022,M1 Room,1,9:41:15,0,1,0
30-03-2022,M1 Room,1,9:41:19,0,1,0
30-03-2022,M1 Room,2,9:41:20,2,0,0
30-03-2022,M1 Room,2,9:41:26,0,2,0
30-03-2022,M1 Room,1,9:41:30,1,0,0
30-03-2022,M1 Room,1,9:42:30,0,1,0
30-03-2022,M1 Room,1,9:42:32,0,1,0
30-03-2022,M1 Room,1,9:42:36,0,1,0
30-03-2022,M1 Room,0,9:42:38,0,0,0
30-03-2022,M1 Room,1,9:44:15,0,1,0
30-03-2022,M1 Room,3,9:44:16,1,0,2
30-03-2022,M1 Room,1,9:44:17,0,1,0
30-03-2022,M1 Room,0,9:44:21,0,0,0
30-03-2022,M1 Room,1,9:44:33,0,1,0
30-03-2022,M1 Room,1,9:44:35,0,1,0
30-03-2022,M1 Room,3,9:44:43,2,0,1
30-03-2022,M1 Room,3,9:44:48,2,1,0
30-03-2022,M1 Room,0,9:44:51,0,0,0
30-03-2022,M1 Room,2,9:45:07,1,1,0
30-03-2022,M1 Room,4,9:45:12,2,0,2
30-03-2022,M1 Room,1,9:45:16,0,1,0
30-03-2022,M1 Room,1,9:45:24,0,1,0
30-03-2022,M1 Room,0,9:45:28,0,0,0
30-03-2022,M1 Room,1,9:45:31,0,1,0
30-03-2022,M1 Room,4,9:45:33,1,1,2
30-03-2022,M1 Room,1,9:45:35,0,1,0
30-03-2022,M1 Room,5,9:45:36,2,1,2
30-03-2022,M1 Room,1,9:45:44,0,1,0
30-03-2022,M1 Room,3,9:45:47,1,1,1
30-03-2022,M1 Room,1,9:45:47,0,1,0
30-03-2022,M1 Room,1,9:45:49,0,1,0
30-03-2022,M1 Room,0,9:45:55,0,0,0
30-03-2022,M1 Room,3,9:46:54,0,1,2
30-03-2022,M1 Room,3,9:47:01,0,1,2
30-03-2022,M1 Room,2,9:47:03,0,1,1
30-03-2022,M1 Room,5,9:50:18,2,1,2
30-03-2022,M1 Room,5,9:50:54,3,0,2
30-03-2022,M1 Room,6,9:52:17,4,0,2
30-03-2022,M1 Room,3,9:52:25,2,1,0
30-03-2022,M1 Room,1,10:08:23,0,1,0
30-03-2022,M1 Room,1,10:08:25,1,0,0
30-03-2022,M1 Room,1,10:11:51,0,1,0
30-03-2022,M1 Room,0,10:11:56,0,0,0
30-03-2022,M1 Room,1,10:37:39,0,1,0
30-03-2022,M1 Room,0,10:37:44,0,0,0
30-03-2022,M1 Room,3,11:11:53,1,2,0
30-03-2022,M1 Room,1,11:12:03,0,1,0
30-03-2022,M1 Room,1,11:12:22,1,0,0
30-03-2022,M1 Room,1,11:23:11,0,1,0
30-03-2022,M1 Room,0,11:23:14,0,0,0
30-03-2022,M1 Room,1,11:23:18,0,1,0
30-03-2022,M1 Room,1,11:23:28,1,0,0
30-03-2022,M1 Room,1,11:28:41,0,1,0
30-03-2022,M1 Room,6,11:28:42,1,4,1
30-03-2022,M1 Room,1,11:28:47,0,1,0
30-03-2022,M1 Room,1,11:28:59,0,1,0
30-03-2022,M1 Room,5,11:29:03,2,2,1
30-03-2022,M1 Room,1,11:32:42,0,1,0
30-03-2022,M1 Room,1,11:32:56,0,1,0
30-03-2022,M1 Room,1,11:33:09,0,1,0
30-03-2022,M1 Room,3,11:33:16,0,2,1
30-03-2022,M1 Room,2,11:44:50,0,2,0
30-03-2022,M1 Room,3,11:44:56,0,2,1
30-03-2022,M1 Room,2,11:46:36,0,2,0
30-03-2022,M1 Room,2,11:47:01,1,1,0
30-03-2022,M1 Room,4,11:51:12,2,2,0
30-03-2022,M1 Room,4,11:51:18,2,2,0
30-03-2022,M1 Room,5,11:51:48,0,3,2
30-03-2022,M1 Room,3,11:52:54,1,2,0
30-03-2022,M1 Room,3,11:52:58,0,2,1
30-03-2022,M1 Room,3,11:53:03,1,2,0
30-03-2022,M1 Room,2,11:53:07,1,1,0
30-03-2022,M1 Room,1,12:10:59,0,1,0
30-03-2022,M1 Room,1,12:11:30,0,1,0
30-03-2022,M1 Room,1,12:13:55,0,1,0
30-03-2022,M1 Room,0,12:14:01,0,0,0
30-03-2022,M1 Room,1,12:29:34,0,1,0
30-03-2022,M1 Room,1,12:29:43,0,1,0
30-03-2022,M1 Room,3,12:29:44,2,0,1
30-03-2022,M1 Room,1,12:30:10,0,1,0
30-03-2022,M1 Room,0,12:30:14,0,0,0
30-03-2022,M1 Room,1,12:30:41,0,1,0
30-03-2022,M1 Room,3,12:30:43,2,1,0
30-03-2022,M1 Room,1,12:31:02,0,1,0
30-03-2022,M1 Room,2,12:31:05,0,2,0
30-03-2022,M1 Room,1,12:31:08,0,1,0
30-03-2022,M1 Room,2,12:31:10,1,1,0
30-03-2022,M1 Room,1,12:31:20,0,1,0
30-03-2022,M1 Room,1,12:31:39,0,1,0
30-03-2022,M1 Room,1,12:31:53,0,1,0
30-03-2022,M1 Room,0,12:32:05,0,0,0
30-03-2022,M1 Room,1,12:41:30,0,1,0
30-03-2022,M1 Room,2,12:42:02,1,1,0
30-03-2022,M1 Room,1,13:02:21,0,1,0
30-03-2022,M1 Room,4,13:02:22,2,0,2
30-03-2022,M1 Room,5,14:38:17,3,0,2
30-03-2022,M1 Room,3,14:38:55,0,3,0
30-03-2022,M1 Room,1,14:39:16,0,1,0
30-03-2022,M1 Room,3,14:39:21,1,2,0
30-03-2022,M1 Room,1,14:39:40,0,1,0
30-03-2022,M1 Room,3,14:39:46,1,2,0
30-03-2022,M1 Room,1,14:51:34,0,1,0
30-03-2022,M1 Room,4,14:51:38,1,3,0
30-03-2022,M1 Room,1,14:51:50,0,1,0
30-03-2022,M1 Room,1,14:52:03,0,1,0
30-03-2022,M1 Room,4,14:52:17,1,2,1
30-03-2022,M1 Room,1,14:52:51,0,1,0
30-03-2022,M1 Room,1,14:52:57,0,1,0
30-03-2022,M1 Room,0,14:53:03,0,0,0
30-03-2022,M1 Room,2,14:53:29,1,1,0
30-03-2022,M1 Room,4,14:53:43,0,3,1
30-03-2022,M1 Room,2,14:53:46,1,1,0
30-03-2022,M1 Room,4,14:53:49,0,3,1
30-03-2022,M1 Room,1,14:54:01,0,1,0
30-03-2022,M1 Room,4,14:54:06,1,2,1
30-03-2022,M1 Room,1,14:57:33,0,1,0
30-03-2022,M1 Room,1,14:57:47,0,1,0
30-03-2022,M1 Room,1,14:57:57,0,1,0
30-03-2022,M1 Room,1,14:58:21,0,1,0
30-03-2022,M1 Room,1,14:58:24,0,1,0
30-03-2022,M1 Room,1,14:58:35,0,1,0
30-03-2022,M1 Room,0,14:58:48,0,0,0
30-03-2022,M1 Room,1,14:59:02,0,1,0
30-03-2022,M1 Room,2,14:59:15,1,1,0
30-03-2022,M1 Room,1,15:00:41,0,1,0
30-03-2022,M1 Room,1,15:00:55,0,1,0
30-03-2022,M1 Room,0,15:00:59,0,0,0
30-03-2022,M1 Room,1,15:01:17,0,1,0
30-03-2022,M1 Room,4,15:01:31,2,2,0
30-03-2022,M1 Room,1,15:01:36,0,1,0
30-03-2022,M1 Room,4,15:01:50,2,2,0
30-03-2022,M1 Room,1,15:02:14,0,1,0
30-03-2022,M1 Room,1,15:02:34,0,1,0
30-03-2022,M1 Room,1,15:02:37,0,1,0
30-03-2022,M1 Room,0,15:03:26,0,0,0
30-03-2022,M1 Room,1,15:03:47,0,1,0
30-03-2022,M1 Room,1,15:03:56,0,1,0
30-03-2022,M1 Room,1,15:04:12,0,1,0
30-03-2022,M1 Room,0,15:04:16,0,0,0
30-03-2022,M1 Room,1,15:13:28,0,1,0
30-03-2022,M1 Room,0,15:13:34,0,0,0
30-03-2022,M1 Room,1,15:17:39,0,1,0
30-03-2022,M1 Room,1,15:17:43,0,1,0
30-03-2022,M1 Room,1,15:17:54,0,1,0
30-03-2022,M1 Room,3,15:18:02,2,1,0
30-03-2022,M1 Room,1,15:18:07,0,1,0
30-03-2022,M1 Room,1,15:18:30,0,1,0
30-03-2022,M1 Room,0,15:18:35,0,0,0
30-03-2022,M1 Room,2,15:41:59,1,1,0
30-03-2022,M1 Room,1,15:42:26,0,1,0
30-03-2022,M1 Room,1,15:50:04,0,1,0
30-03-2022,M1 Room,0,15:50:09,0,0,0
31-03-2022,M1 Room,2,9:43:57,0,2,0
31-03-2022,M1 Room,3,9:44:05,0,2,1
31-03-2022,M1 Room,4,9:44:55,1,2,1
31-03-2022,M1 Room,4,9:45:02,1,2,1
31-03-2022,M1 Room,2,9:45:33,1,1,0
31-03-2022,M1 Room,3,9:58:53,0,3,0
31-03-2022,M1 Room,4,9:59:17,0,4,0
31-03-2022,M1 Room,2,10:01:39,0,2,0
31-03-2022,M1 Room,7,10:09:42,1,6,0
31-03-2022,M1 Room,3,10:12:23,1,2,0
31-03-2022,M1 Room,2,10:25:52,0,2,0
31-03-2022,M1 Room,1,10:26:10,1,0,0
31-03-2022,M1 Room,1,10:28:18,0,1,0
31-03-2022,M1 Room,2,10:28:44,1,1,0
31-03-2022,M1 Room,4,10:30:13,1,3,0
31-03-2022,M1 Room,2,10:30:50,1,1,0
31-03-2022,M1 Room,2,8:56:57,0,2,0
31-03-2022,M1 Room,1,8:57:06,0,1,0
31-03-2022,M1 Room,2,8:57:12,1,1,0
31-03-2022,M1 Room,1,9:00:52,0,1,0
31-03-2022,M1 Room,0,9:01:06,0,0,0
31-03-2022,M1 Room,1,9:01:21,0,1,0
31-03-2022,M1 Room,1,9:01:26,0,1,0
31-03-2022,M1 Room,1,9:01:30,0,1,0
31-03-2022,M1 Room,2,9:01:36,1,1,0
31-03-2022,M1 Room,1,9:01:42,0,1,0
31-03-2022,M1 Room,2,9:02:01,1,1,0
31-03-2022,M1 Room,1,9:02:27,0,1,0
31-03-2022,M1 Room,1,9:02:31,0,1,0
31-03-2022,M1 Room,0,9:02:36,0,0,0
31-03-2022,M1 Room,3,9:28:10,0,3,0
31-03-2022,M1 Room,4,9:28:12,2,2,0
31-03-2022,M1 Room,2,9:28:18,0,2,0
31-03-2022,M1 Room,3,9:28:23,2,1,0
31-03-2022,M1 Room,1,9:28:42,0,1,0
31-03-2022,M1 Room,1,9:29:03,0,1,0
31-03-2022,M1 Room,2,9:29:04,1,1,0
31-03-2022,M1 Room,1,9:29:10,0,1,0
31-03-2022,M1 Room,1,9:29:17,0,1,0
31-03-2022,M1 Room,3,9:29:23,1,2,0
31-03-2022,M1 Room,2,9:30:30,0,2,0
31-03-2022,M1 Room,2,9:31:15,0,2,0
31-03-2022,M1 Room,3,9:31:18,1,2,0
31-03-2022,M1 Room,3,9:32:17,0,3,0
31-03-2022,M1 Room,2,9:32:23,0,2,0
31-03-2022,M1 Room,3,9:32:28,1,2,0
31-03-2022,M1 Room,2,9:32:29,0,2,0
31-03-2022,M1 Room,3,9:32:38,1,2,0
31-03-2022,M1 Room,2,9:32:54,0,2,0
31-03-2022,M1 Room,3,9:33:01,1,2,0
31-03-2022,M1 Room,3,9:33:11,0,3,0
31-03-2022,M1 Room,2,9:33:15,1,1,0
31-03-2022,M1 Room,2,9:33:33,0,2,0
31-03-2022,M1 Room,2,9:33:46,1,1,0
31-03-2022,M1 Room,2,9:34:05,0,2,0
31-03-2022,M1 Room,3,9:34:11,2,1,0
31-03-2022,M1 Room,2,9:34:35,0,2,0
31-03-2022,M1 Room,2,9:34:42,0,2,0
31-03-2022,M1 Room,3,9:35:15,0,3,0
31-03-2022,M1 Room,3,9:35:23,0,3,0
31-03-2022,M1 Room,3,9:35:48,0,3,0
31-03-2022,M1 Room,3,9:35:53,0,3,0
31-03-2022,M1 Room,3,9:35:57,2,1,0
31-03-2022,M1 Room,3,9:36:20,0,3,0
31-03-2022,M1 Room,3,9:36:27,0,3,0
31-03-2022,M1 Room,3,9:36:33,0,3,0
31-03-2022,M1 Room,3,9:36:37,0,3,0
31-03-2022,M1 Room,3,9:36:39,2,1,0
31-03-2022,M1 Room,3,9:36:48,0,3,0
31-03-2022,M1 Room,4,9:37:02,3,1,0
31-03-2022,M1 Room,1,9:38:05,0,1,0
31-03-2022,M1 Room,2,9:38:14,0,2,0
31-03-2022,M1 Room,1,9:38:28,0,1,0
31-03-2022,M1 Room,3,9:38:28,1,2,0
31-03-2022,M1 Room,1,9:38:32,0,1,0
31-03-2022,M1 Room,1,9:38:46,0,1,0
31-03-2022,M1 Room,2,9:38:53,0,2,0
31-03-2022,M1 Room,2,9:38:58,1,1,0
31-03-2022,M1 Room,1,9:39:14,0,1,0
31-03-2022,M1 Room,1,9:39:22,0,1,0
31-03-2022,M1 Room,1,9:39:35,0,1,0
31-03-2022,M1 Room,3,9:39:46,0,3,0
31-03-2022,M1 Room,1,9:39:55,0,1,0
31-03-2022,M1 Room,1,9:40:03,0,1,0
31-03-2022,M1 Room,2,9:40:14,1,1,0
31-03-2022,M1 Room,1,9:40:27,0,1,0
31-03-2022,M1 Room,3,9:40:30,2,1,0
31-03-2022,M1 Room,1,9:40:33,0,1,0
31-03-2022,M1 Room,1,9:40:40,0,1,0
31-03-2022,M1 Room,3,9:40:53,2,1,0
31-03-2022,M1 Room,1,9:42:24,0,1,0
31-03-2022,M1 Room,0,9:42:30,0,0,0
31-03-2022,M1 Room,1,9:42:35,0,1,0
31-03-2022,M1 Room,1,9:42:50,0,1,0
31-03-2022,M1 Room,2,9:43:05,0,2,0
31-03-2022,M1 Room,1,9:43:06,0,1,0
31-03-2022,M1 Room,3,9:43:24,1,2,0
31-03-2022,M1 Room,3,9:43:29,1,2,0
31-03-2022,M1 Room,3,9:43:39,1,2,0
31-03-2022,M1 Room,2,9:43:57,0,2,0
31-03-2022,M1 Room,3,9:44:05,0,2,1
31-03-2022,M1 Room,1,9:44:10,0,1,0
31-03-2022,M1 Room,1,9:44:20,0,1,0
31-03-2022,M1 Room,1,9:44:37,0,1,0
31-03-2022,M1 Room,1,9:44:43,0,1,0
31-03-2022,M1 Room,1,9:44:46,0,1,0
31-03-2022,M1 Room,1,9:44:53,0,1,0
31-03-2022,M1 Room,4,9:44:55,1,2,1
31-03-2022,M1 Room,1,9:46:33,0,1,0
31-03-2022,M1 Room,4,9:46:37,1,2,1
31-03-2022,M1 Room,2,9:46:58,0,2,0
31-03-2022,M1 Room,3,9:47:10,0,3,0
31-03-2022,M1 Room,4,9:47:13,1,3,0
31-03-2022,M1 Room,3,9:47:14,0,3,0
31-03-2022,M1 Room,1,9:47:21,0,1,0
31-03-2022,M1 Room,4,9:47:25,0,3,1
31-03-2022,M1 Room,2,9:47:33,0,2,0
31-03-2022,M1 Room,2,9:47:40,0,2,0
31-03-2022,M1 Room,1,9:47:45,0,1,0
31-03-2022,M1 Room,3,9:47:49,1,2,0
31-03-2022,M1 Room,2,9:47:53,0,2,0
31-03-2022,M1 Room,1,9:48:00,0,1,0
31-03-2022,M1 Room,3,9:48:07,0,3,0
31-03-2022,M1 Room,3,9:48:14,0,3,0
31-03-2022,M1 Room,3,9:48:27,0,3,0
31-03-2022,M1 Room,5,9:48:33,1,3,1
31-03-2022,M1 Room,3,9:48:36,0,3,0
31-03-2022,M1 Room,3,9:48:46,0,3,0
31-03-2022,M1 Room,3,9:48:53,0,3,0
31-03-2022,M1 Room,3,9:49:04,0,3,0
31-03-2022,M1 Room,3,9:49:12,0,3,0
31-03-2022,M1 Room,2,9:49:22,0,2,0
31-03-2022,M1 Room,3,9:56:13,0,3,0
31-03-2022,M1 Room,4,9:56:43,0,4,0
31-03-2022,M1 Room,3,9:56:54,0,3,0
31-03-2022,M1 Room,4,9:57:11,0,4,0
31-03-2022,M1 Room,3,9:57:27,0,3,0
31-03-2022,M1 Room,3,9:57:42,0,3,0
31-03-2022,M1 Room,6,9:57:58,3,3,0
31-03-2022,M1 Room,2,9:58:00,0,2,0
31-03-2022,M1 Room,2,9:58:09,0,2,0
31-03-2022,M1 Room,3,9:58:53,0,3,0
31-03-2022,M1 Room,4,9:59:17,0,4,0
31-03-2022,M1 Room,2,10:01:39,0,2,0
31-03-2022,M1 Room,2,10:01:47,0,2,0
31-03-2022,M1 Room,2,10:01:53,0,2,0
31-03-2022,M1 Room,3,10:02:18,0,3,0
31-03-2022,M1 Room,2,10:02:33,1,1,0
31-03-2022,M1 Room,3,10:03:53,0,3,0
31-03-2022,M1 Room,3,10:04:11,0,3,0
31-03-2022,M1 Room,3,10:04:25,0,3,0
31-03-2022,M1 Room,3,10:05:00,0,3,0
31-03-2022,M1 Room,3,10:06:06,1,2,0
31-03-2022,M1 Room,7,10:09:42,1,6,0
31-03-2022,M1 Room,3,10:12:23,1,2,0
31-03-2022,M1 Room,3,10:14:26,0,3,0
31-03-2022,M1 Room,4,10:15:01,0,4,0
31-03-2022,M1 Room,3,10:15:24,0,3,0
31-03-2022,M1 Room,2,10:17:16,1,1,0
31-03-2022,M1 Room,2,10:26:35,0,2,0
31-03-2022,M1 Room,2,10:26:45,0,2,0
31-03-2022,M1 Room,1,10:26:49,1,0,0
31-03-2022,M1 Room,1,10:27:30,0,1,0
31-03-2022,M1 Room,1,10:28:18,0,1,0
31-03-2022,M1 Room,2,10:29:22,0,2,0
31-03-2022,M1 Room,1,10:30:00,1,0,0
31-03-2022,M1 Room,2,10:30:50,1,1,0
31-03-2022,M1 Room,2,10:30:55,1,1,0
31-03-2022,M1 Room,6,10:32:11,2,4,0
01-04-2022,M1 Room,2,9:56:26,0,0,2
01-04-2022,M1 Room,0,10:09:04,0,0,0
01-04-2022,M1 Room,1,10:36:07,0,0,1
01-04-2022,M1 Room,1,10:38:11,0,0,1
01-04-2022,M1 Room,1,10:38:58,0,0,1
01-04-2022,M1 Room,1,10:40:10,0,0,1
01-04-2022,M1 Room,1,10:40:28,0,0,1
01-04-2022,M1 Room,1,10:41:13,1,0,0
01-04-2022,M1 Room,2,13:10:16,1,0,1
01-04-2022,M1 Room,2,13:11:37,2,0,0
01-04-2022,M1 Room,2,14:19:56,1,0,1
01-04-2022,M1 Room,1,14:20:46,0,0,1
01-04-2022,M1 Room,2,14:29:58,0,1,1
01-04-2022,M1 Room,2,14:30:16,1,1,0
01-04-2022,M1 Room,1,17:55:53,0,1,0
01-04-2022,M1 Room,1,17:56:03,0,1,0
01-04-2022,M1 Room,0,17:56:34,0,0,0
01-04-2022,M1 Room,3,18:19:14,1,2,0
01-04-2022,M1 Room,2,18:19:44,1,1,0
01-04-2022,M1 Room,1,18:20:22,0,1,0
01-04-2022,M1 Room,1,18:20:39,0,1,0
01-04-2022,M1 Room,1,18:21:54,1,0,0
01-04-2022,M1 Room,1,11:21:18,0,1,0
01-04-2022,M1 Room,5,11:21:27,0,3,2
01-04-2022,M1 Room,1,11:21:38,0,1,0
01-04-2022,M1 Room,4,11:22:10,0,2,2
01-04-2022,M1 Room,1,11:22:54,0,1,0
01-04-2022,M1 Room,4,11:23:08,1,2,1
01-04-2022,M1 Room,1,11:23:43,0,1,0
01-04-2022,M1 Room,2,11:24:32,0,1,1
01-04-2022,M1 Room,1,11:25:09,0,1,0
01-04-2022,M1 Room,3,11:25:14,0,2,1
01-04-2022,M1 Room,1,15:39:02,0,1,0
01-04-2022,M1 Room,0,15:39:14,0,0,0
01-04-2022,M1 Room,1,15:45:58,0,1,0
01-04-2022,M1 Room,0,15:46:15,0,0,0
01-04-2022,M1 Room,1,15:47:22,0,1,0
01-04-2022,M1 Room,0,15:47:34,0,0,0
01-04-2022,M1 Room,1,15:48:04,0,1,0
01-04-2022,M1 Room,0,15:48:42,0,0,0
01-04-2022,M1 Room,1,15:54:59,0,1,0
01-04-2022,M1 Room,0,15:55:08,0,0,0
01-04-2022,M1 Room,2,16:00:38,1,1,0
01-04-2022,M1 Room,1,16:01:06,0,1,0
01-04-2022,M1 Room,2,16:01:37,1,1,0
01-04-2022,M1 Room,2,16:01:57,1,1,0
01-04-2022,M1 Room,0,16:02:26,0,0,0
01-04-2022,M1 Room,1,17:24:16,0,1,0
01-04-2022,M1 Room,2,17:24:51,0,2,0
01-04-2022,M1 Room,1,17:25:13,0,1,0
01-04-2022,M1 Room,0,17:25:25,0,0,0
01-04-2022,M1 Room,2,17:51:51,1,1,0
01-04-2022,M1 Room,2,17:51:59,1,1,0
01-04-2022,M1 Room,1,17:54:12,0,1,0
01-04-2022,M1 Room,1,17:54:33,0,1,0
01-04-2022,M1 Room,0,17:55:27,0,0,0
01-04-2022,M1 Room,1,17:57:10,0,1,0
01-04-2022,M1 Room,2,18:03:51,1,1,0
01-04-2022,M1 Room,1,18:04:00,1,0,0
01-04-2022,M1 Room,2,18:04:05,1,1,0
01-04-2022,M1 Room,2,18:13:25,1,1,0
01-04-2022,M1 Room,2,18:14:30,1,1,0
01-04-2022,M1 Room,1,18:16:01,0,1,0
01-04-2022,M1 Room,2,18:16:42,1,1,0
01-04-2022,M1 Room,2,18:17:01,1,1,0
01-04-2022,M1 Room,2,18:17:10,1,1,0
01-04-2022,M1 Room,1,18:17:21,0,1,0
01-04-2022,M1 Room,1,18:18:36,1,0,0
01-04-2022,M1 Room,2,18:18:57,1,1,0
01-04-2022,M1 Room,3,18:19:14,1,2,0
01-04-2022,M1 Room,2,18:19:44,1,1,0
01-04-2022,M1 Room,1,18:20:04,0,1,0
01-04-2022,M1 Room,1,18:20:22,0,1,0
01-04-2022,M1 Room,1,18:24:07,0,1,0
01-04-2022,M1 Room,1,18:24:16,0,1,0
01-04-2022,M1 Room,1,18:25:20,0,1,0
01-04-2022,M1 Room,0,18:26:18,0,0,0
01-04-2022,M1 Room,1,18:26:38,0,1,0
01-04-2022,M1 Room,2,18:27:05,1,1,0
01-04-2022,M1 Room,2,18:27:31,1,1,0
01-04-2022,M1 Room,3,18:28:06,2,1,0
01-04-2022,M1 Room,3,18:28:18,2,1,0
01-04-2022,M1 Room,2,18:28:36,1,1,0
01-04-2022,M1 Room,2,18:29:09,1,1,0
01-04-2022,M1 Room,2,18:29:17,1,1,0
01-04-2022,M1 Room,1,18:30:16,0,1,0
01-04-2022,M1 Room,1,18:31:46,1,0,0
06-04-2022,M1 Room,1,12:49:12,0,1,0
06-04-2022,M1 Room,2,12:49:22,0,2,0
06-04-2022,M1 Room,4,14:31:12,0,3,1
06-04-2022,M1 Room,0,14:31:28,0,0,0
06-04-2022,M1 Room,1,12:43:03,0,1,0
06-04-2022,M1 Room,4,12:43:04,1,3,0
06-04-2022,M1 Room,1,12:44:39,0,1,0
06-04-2022,M1 Room,3,12:44:43,0,3,0
06-04-2022,M1 Room,1,12:45:36,0,1,0
06-04-2022,M1 Room,1,12:45:55,0,1,0
06-04-2022,M1 Room,1,12:46:16,0,1,0
06-04-2022,M1 Room,3,12:46:37,0,3,0
06-04-2022,M1 Room,1,12:46:47,0,1,0
06-04-2022,M1 Room,2,12:47:16,1,1,0
06-04-2022,M1 Room,1,12:47:35,0,1,0
06-04-2022,M1 Room,3,12:47:36,1,2,0
06-04-2022,M1 Room,2,12:48:03,0,2,0
06-04-2022,M1 Room,2,12:48:30,0,2,0
06-04-2022,M1 Room,2,12:48:37,0,2,0
06-04-2022,M1 Room,1,12:49:12,0,1,0
06-04-2022,M1 Room,2,12:49:22,0,2,0
06-04-2022,M1 Room,1,12:49:35,0,1,0
06-04-2022,M1 Room,1,12:49:54,0,1,0
06-04-2022,M1 Room,1,12:50:04,0,1,0
06-04-2022,M1 Room,2,12:50:25,0,2,0
06-04-2022,M1 Room,2,12:51:05,1,1,0
06-04-2022,M1 Room,1,12:51:12,0,1,0
06-04-2022,M1 Room,2,12:51:16,0,2,0
06-04-2022,M1 Room,2,12:51:52,1,1,0
06-04-2022,M1 Room,1,12:52:08,0,1,0
06-04-2022,M1 Room,2,12:52:14,0,2,0
06-04-2022,M1 Room,2,12:52:39,1,1,0
06-04-2022,M1 Room,2,12:53:01,1,1,0
06-04-2022,M1 Room,1,12:53:14,0,1,0
06-04-2022,M1 Room,2,12:53:31,1,1,0
06-04-2022,M1 Room,2,12:53:44,1,1,0
06-04-2022,M1 Room,1,12:53:59,0,1,0
06-04-2022,M1 Room,2,12:54:09,1,1,0
06-04-2022,M1 Room,3,12:54:18,1,2,0
06-04-2022,M1 Room,1,12:54:49,0,1,0
06-04-2022,M1 Room,1,12:55:31,0,1,0
06-04-2022,M1 Room,1,12:55:41,0,1,0
06-04-2022,M1 Room,1,12:55:51,0,1,0
06-04-2022,M1 Room,3,12:56:00,1,2,0
06-04-2022,M1 Room,1,12:56:10,0,1,0
06-04-2022,M1 Room,1,12:56:32,0,1,0
06-04-2022,M1 Room,1,12:56:39,0,1,0
06-04-2022,M1 Room,1,12:57:28,0,1,0
06-04-2022,M1 Room,3,12:58:12,1,2,0
06-04-2022,M1 Room,1,12:58:24,0,1,0
06-04-2022,M1 Room,2,12:58:42,1,1,0
06-04-2022,M1 Room,1,12:58:51,0,1,0
06-04-2022,M1 Room,1,12:58:58,0,1,0
06-04-2022,M1 Room,1,12:59:08,0,1,0
06-04-2022,M1 Room,2,12:59:20,1,1,0
06-04-2022,M1 Room,2,12:59:31,1,1,0
06-04-2022,M1 Room,1,13:00:19,0,1,0
06-04-2022,M1 Room,6,13:00:27,2,4,0
06-04-2022,M1 Room,1,13:00:30,0,1,0
06-04-2022,M1 Room,2,13:01:08,1,1,0
06-04-2022,M1 Room,2,13:01:39,0,2,0
06-04-2022,M1 Room,3,13:01:47,1,2,0
06-04-2022,M1 Room,3,13:01:56,1,2,0
06-04-2022,M1 Room,3,13:02:30,1,2,0
06-04-2022,M1 Room,3,13:03:14,1,2,0
06-04-2022,M1 Room,3,13:03:22,1,2,0
06-04-2022,M1 Room,5,13:04:17,2,3,0
06-04-2022,M1 Room,3,13:04:40,1,2,0
06-04-2022,M1 Room,2,13:05:51,1,1,0
06-04-2022,M1 Room,2,13:06:00,1,1,0
06-04-2022,M1 Room,3,13:06:27,1,2,0
06-04-2022,M1 Room,2,13:06:52,0,2,0
06-04-2022,M1 Room,2,13:07:17,1,1,0
06-04-2022,M1 Room,2,13:07:27,1,1,0
06-04-2022,M1 Room,1,13:07:50,0,1,0
06-04-2022,M1 Room,2,13:07:57,1,1,0
06-04-2022,M1 Room,1,13:09:06,0,1,0
06-04-2022,M1 Room,1,13:09:15,0,1,0
06-04-2022,M1 Room,1,13:10:22,0,1,0
06-04-2022,M1 Room,1,13:10:54,0,1,0
06-04-2022,M1 Room,1,13:11:13,0,1,0
06-04-2022,M1 Room,1,13:11:24,0,1,0
06-04-2022,M1 Room,1,13:11:39,0,1,0
06-04-2022,M1 Room,1,13:12:20,0,1,0
06-04-2022,M1 Room,1,13:12:27,0,1,0
06-04-2022,M1 Room,0,13:13:21,0,0,0
06-04-2022,M1 Room,1,14:27:31,0,1,0
06-04-2022,M1 Room,3,14:27:33,0,3,0
06-04-2022,M1 Room,1,14:30:52,0,1,0
06-04-2022,M1 Room,0,14:31:11,0,0,0
06-04-2022,M1 Room,1,14:32:10,0,1,0
06-04-2022,M1 Room,0,14:32:17,0,0,0
07-04-2022,M1 Room,1,12:17:56,0,1,0
07-04-2022,M1 Room,0,12:18:25,0,0,0
07-04-2022,M1 Room,1,18:17:28,0,1,0
07-04-2022,M1 Room,0,18:17:29,0,0,0
07-04-2022,M1 Room,1,18:17:49,0,1,0
07-04-2022,M1 Room,0,18:17:57,0,0,0
07-04-2022,M1 Room,1,18:19:15,0,1,0
07-04-2022,M1 Room,0,18:19:16,0,0,0
07-04-2022,M1 Room,1,18:19:22,0,1,0
07-04-2022,M1 Room,0,18:19:45,0,0,0
07-04-2022,M1 Room,1,18:20:18,0,1,0
07-04-2022,M1 Room,1,18:20:27,0,1,0
07-04-2022,M1 Room,0,18:20:41,0,0,0
07-04-2022,M1 Room,1,18:21:03,0,1,0
07-04-2022,M1 Room,1,18:21:09,0,1,0
07-04-2022,M1 Room,0,18:21:43,0,0,0
07-04-2022,M1 Room,2,18:24:11,1,1,0
07-04-2022,M1 Room,1,18:24:13,0,1,0
07-04-2022,M1 Room,1,18:25:17,0,1,0
07-04-2022,M1 Room,1,18:25:37,0,1,0
07-04-2022,M1 Room,0,18:25:40,0,0,0
07-04-2022,M1 Room,1,18:27:59,0,1,0
07-04-2022,M1 Room,1,18:28:09,0,1,0
07-04-2022,M1 Room,0,18:28:18,0,0,0
08-04-2022,M1 Room,2,19:07:31,1,1,0
08-04-2022,M1 Room,1,19:08:14,0,1,0
08-04-2022,M1 Room,1,19:16:01,0,0,1
08-04-2022,M1 Room,0,19:16:04,0,0,0
08-04-2022,M1 Room,2,19:20:07,1,1,0
08-04-2022,M1 Room,1,19:20:10,0,0,1
08-04-2022,M1 Room,2,19:21:21,1,1,0
08-04-2022,M1 Room,0,19:21:27,0,0,0
08-04-2022,M1 Room,2,19:33:10,1,1,0
08-04-2022,M1 Room,1,19:33:41,0,1,0
08-04-2022,M1 Room,2,19:34:13,1,1,0
08-04-2022,M1 Room,2,19:34:18,1,1,0
08-04-2022,M1 Room,1,19:50:16,0,1,0
08-04-2022,M1 Room,1,19:50:41,0,1,0
08-04-2022,M1 Room,2,19:51:01,1,0,1
08-04-2022,M1 Room,1,19:51:03,0,1,0
08-04-2022,M1 Room,0,19:51:36,0,0,0
08-04-2022,M1 Room,3,20:43:53,2,0,1
08-04-2022,M1 Room,2,20:47:06,0,1,1
08-04-2022,M1 Room,1,20:47:57,0,0,1
08-04-2022,M1 Room,0,20:48:51,0,0,0
08-04-2022,M1 Room,2,22:25:21,1,1,0
08-04-2022,M1 Room,2,22:25:35,1,1,0
08-04-2022,M1 Room,2,22:26:17,0,2,0
08-04-2022,M1 Room,2,22:26:31,1,1,0
08-04-2022,M1 Room,2,22:26:56,1,1,0
08-04-2022,M1 Room,1,22:27:20,1,0,0
08-04-2022,M1 Room,2,22:31:38,1,1,0
08-04-2022,M1 Room,2,22:31:45,1,1,0
08-04-2022,M1 Room,2,22:32:02,1,1,0
08-04-2022,M1 Room,1,22:32:12,1,0,0
08-04-2022,M1 Room,2,22:32:23,1,1,0
08-04-2022,M1 Room,2,22:32:30,1,1,0
08-04-2022,M1 Room,2,22:32:51,1,1,0
08-04-2022,M1 Room,3,22:32:53,1,1,1
08-04-2022,M1 Room,2,22:32:59,1,1,0
08-04-2022,M1 Room,4,22:33:19,1,1,2
08-04-2022,M1 Room,1,22:36:14,0,1,0
08-04-2022,M1 Room,3,22:36:21,1,1,1
08-04-2022,M1 Room,2,22:36:35,1,1,0
08-04-2022,M1 Room,1,22:36:55,0,0,1
08-04-2022,M1 Room,2,22:41:07,1,1,0
08-04-2022,M1 Room,1,22:41:32,0,0,1
08-04-2022,M1 Room,1,22:42:03,0,1,0
08-04-2022,M1 Room,1,22:43:01,0,1,0
08-04-2022,M1 Room,1,22:43:15,0,1,0
08-04-2022,M1 Room,1,22:43:27,0,1,0
08-04-2022,M1 Room,1,22:44:03,0,1,0
08-04-2022,M1 Room,4,22:44:33,1,2,1
08-04-2022,M1 Room,1,22:44:46,0,1,0
08-04-2022,M1 Room,3,22:45:58,1,2,0
08-04-2022,M1 Room,4,22:50:49,1,1,2
08-04-2022,M1 Room,1,22:50:54,0,1,0
08-04-2022,M1 Room,4,22:51:02,1,1,2
08-04-2022,M1 Room,1,22:51:05,0,1,0
08-04-2022,M1 Room,2,23:04:40,0,2,0
08-04-2022,M1 Room,2,23:05:14,0,2,0
08-04-2022,M1 Room,3,23:10:33,0,3,0
08-04-2022,M1 Room,3,23:11:09,1,2,0
08-04-2022,M1 Room,4,23:16:30,1,3,0
08-04-2022,M1 Room,4,23:16:36,1,3,0
08-04-2022,M1 Room,2,23:16:57,1,1,0
08-04-2022,M1 Room,3,23:17:25,1,2,0
08-04-2022,M1 Room,3,23:18:43,1,2,0
08-04-2022,M1 Room,3,23:18:53,1,2,0
08-04-2022,M1 Room,3,23:19:18,1,2,0
08-04-2022,M1 Room,3,23:19:27,1,2,0
08-04-2022,M1 Room,4,23:20:40,1,0,3
08-04-2022,M1 Room,2,23:32:35,0,2,0
08-04-2022,M1 Room,2,23:33:23,0,0,2
08-04-2022,M1 Room,1,23:33:29,0,1,0
08-04-2022,M1 Room,2,23:33:45,1,1,0
08-04-2022,M1 Room,2,23:47:10,0,2,0
08-04-2022,M1 Room,3,23:47:37,0,0,3
08-04-2022,M1 Room,1,23:47:53,0,1,0
08-04-2022,M1 Room,3,23:48:36,0,0,3
08-04-2022,M1 Room,1,10:28:59,0,1,0
08-04-2022,M1 Room,0,10:29:04,0,0,0
08-04-2022,M1 Room,1,10:29:04,0,1,0
08-04-2022,M1 Room,1,10:29:16,1,0,0
08-04-2022,M1 Room,1,10:40:58,0,1,0
08-04-2022,M1 Room,0,10:41:06,0,0,0
08-04-2022,M1 Room,1,11:09:04,0,1,0
08-04-2022,M1 Room,0,11:09:15,0,0,0
08-04-2022,M1 Room,1,11:51:25,0,1,0
08-04-2022,M1 Room,1,11:52:04,1,0,0
08-04-2022,M1 Room,2,12:21:51,1,1,0
08-04-2022,M1 Room,1,12:22:59,0,1,0
08-04-2022,M1 Room,0,12:23:05,0,0,0
08-04-2022,M1 Room,1,12:23:40,0,1,0
08-04-2022,M1 Room,1,12:23:55,0,1,0
08-04-2022,M1 Room,2,12:33:21,1,1,0
08-04-2022,M1 Room,2,12:33:34,1,1,0
08-04-2022,M1 Room,0,12:36:08,0,0,0
08-04-2022,M1 Room,1,12:44:42,0,1,0
08-04-2022,M1 Room,0,12:46:13,0,0,0
08-04-2022,M1 Room,2,17:45:02,1,1,0
08-04-2022,M1 Room,2,17:45:25,1,1,0
08-04-2022,M1 Room,2,18:52:49,1,1,0
08-04-2022,M1 Room,2,18:53:05,0,0,2
08-04-2022,M1 Room,2,18:53:26,1,1,0
08-04-2022,M1 Room,2,18:53:26,0,0,2
08-04-2022,M1 Room,1,18:53:42,0,1,0
08-04-2022,M1 Room,1,18:54:03,0,0,1
08-04-2022,M1 Room,1,19:08:14,0,1,0
08-04-2022,M1 Room,1,19:08:29,0,1,0
08-04-2022,M1 Room,0,19:08:51,0,0,0
08-04-2022,M1 Room,2,19:21:07,1,1,0
08-04-2022,M1 Room,2,19:21:21,1,1,0
08-04-2022,M1 Room,2,19:22:00,1,1,0
08-04-2022,M1 Room,3,19:22:40,1,2,0
08-04-2022,M1 Room,0,19:22:59,0,0,0
08-04-2022,M1 Room,2,19:26:05,1,1,0
08-04-2022,M1 Room,0,19:26:06,0,0,0
08-04-2022,M1 Room,2,19:26:15,1,1,0
08-04-2022,M1 Room,1,19:26:16,0,0,1
08-04-2022,M1 Room,2,19:26:47,1,1,0
08-04-2022,M1 Room,1,19:26:53,0,0,1
08-04-2022,M1 Room,3,19:27:54,1,2,0
08-04-2022,M1 Room,1,19:28:01,0,0,1
08-04-2022,M1 Room,1,19:31:18,0,1,0
08-04-2022,M1 Room,1,19:31:56,0,1,0
08-04-2022,M1 Room,1,19:32:06,0,1,0
08-04-2022,M1 Room,2,19:32:59,1,1,0
08-04-2022,M1 Room,2,19:33:10,1,1,0
08-04-2022,M1 Room,1,19:33:41,0,1,0
08-04-2022,M1 Room,2,19:34:13,1,1,0
08-04-2022,M1 Room,2,19:34:34,1,1,0
08-04-2022,M1 Room,2,19:34:53,1,1,0
08-04-2022,M1 Room,2,19:35:13,1,1,0
08-04-2022,M1 Room,2,19:35:29,1,1,0
08-04-2022,M1 Room,4,19:36:52,2,1,1
08-04-2022,M1 Room,2,19:48:40,1,1,0
08-04-2022,M1 Room,1,19:48:49,0,1,0
08-04-2022,M1 Room,2,19:49:00,1,1,0
08-04-2022,M1 Room,1,19:49:22,0,1,0
08-04-2022,M1 Room,1,19:49:27,0,1,0
08-04-2022,M1 Room,1,20:16:10,0,1,0
08-04-2022,M1 Room,4,20:16:30,3,0,1
08-04-2022,M1 Room,1,20:16:43,0,1,0
08-04-2022,M1 Room,2,20:17:00,0,0,2
08-04-2022,M1 Room,1,21:16:58,0,1,0
08-04-2022,M1 Room,1,21:17:27,1,0,0
08-04-2022,M1 Room,2,22:23:20,0,2,0
08-04-2022,M1 Room,2,22:23:56,0,2,0
08-04-2022,M1 Room,1,22:24:01,0,1,0
08-04-2022,M1 Room,2,22:24:06,2,0,0
08-04-2022,M1 Room,1,22:24:12,0,1,0
08-04-2022,M1 Room,1,22:24:27,1,0,0
08-04-2022,M1 Room,3,22:59:05,1,2,0
08-04-2022,M1 Room,1,22:59:13,0,0,1
08-04-2022,M1 Room,1,23:00:09,0,1,0
08-04-2022,M1 Room,1,23:00:10,0,1,0
08-04-2022,M1 Room,1,23:00:21,0,1,0
08-04-2022,M1 Room,2,23:00:48,0,2,0
08-04-2022,M1 Room,1,23:01:19,1,0,0
08-04-2022,M1 Room,2,23:02:39,1,1,0
08-04-2022,M1 Room,2,23:02:50,1,0,1
08-04-2022,M1 Room,2,23:02:55,1,1,0
08-04-2022,M1 Room,3,23:02:58,2,0,1
08-04-2022,M1 Room,1,23:03:29,0,1,0
08-04-2022,M1 Room,2,23:04:40,0,2,0
08-04-2022,M1 Room,2,23:05:14,0,2,0
08-04-2022,M1 Room,4,23:08:10,1,0,3
08-04-2022,M1 Room,2,23:10:02,1,1,0
08-04-2022,M1 Room,3,23:10:33,0,3,0
08-04-2022,M1 Room,3,23:11:09,1,2,0
08-04-2022,M1 Room,0,23:14:12,0,0,0
08-04-2022,M1 Room,3,23:14:34,1,2,0
08-04-2022,M1 Room,3,23:14:42,1,2,0
08-04-2022,M1 Room,0,23:14:47,0,0,0
08-04-2022,M1 Room,4,23:22:32,2,2,0
08-04-2022,M1 Room,3,23:22:58,1,0,2
08-04-2022,M1 Room,3,23:23:35,1,2,0
08-04-2022,M1 Room,3,23:23:36,1,0,2
08-04-2022,M1 Room,3,23:24:31,0,3,0
08-04-2022,M1 Room,3,23:24:40,0,3,0
08-04-2022,M1 Room,2,23:25:16,0,2,0
08-04-2022,M1 Room,3,23:25:51,1,2,0
08-04-2022,M1 Room,3,23:26:03,1,2,0
08-04-2022,M1 Room,3,23:26:11,1,2,0
08-04-2022,M1 Room,1,23:26:15,1,0,0
08-04-2022,M1 Room,2,23:31:45,1,1,0
08-04-2022,M1 Room,2,23:32:35,0,2,0
08-04-2022,M1 Room,2,23:33:45,1,1,0
08-04-2022,M1 Room,2,23:33:54,1,1,0
08-04-2022,M1 Room,2,23:34:17,1,1,0
08-04-2022,M1 Room,0,23:34:31,0,0,0
08-04-2022,M1 Room,1,23:34:42,0,1,0
08-04-2022,M1 Room,1,23:35:11,0,0,1
08-04-2022,M1 Room,1,23:36:43,0,1,0
08-04-2022,M1 Room,0,23:36:44,0,0,0
08-04-2022,M1 Room,1,23:37:14,0,1,0
08-04-2022,M1 Room,0,23:37:27,0,0,0
08-04-2022,M1 Room,2,23:41:25,1,1,0
08-04-2022,M1 Room,1,23:41:36,0,0,1
08-04-2022,M1 Room,2,23:42:25,1,1,0
08-04-2022,M1 Room,3,23:43:07,1,0,2
08-04-2022,M1 Room,1,23:43:08,0,1,0
08-04-2022,M1 Room,1,23:43:24,1,0,0
08-04-2022,M1 Room,2,23:54:58,0,2,0
08-04-2022,M1 Room,2,23:55:03,0,2,0
08-04-2022,M1 Room,1,23:55:21,0,1,0
08-04-2022,M1 Room,2,23:56:36,0,2,0
08-04-2022,M1 Room,1,23:57:04,0,1,0
09-04-2022,M1 Room,2,2:06:47,0,2,0
09-04-2022,M1 Room,2,2:07:02,0,2,0
09-04-2022,M1 Room,2,2:07:20,0,2,0
09-04-2022,M1 Room,2,2:12:35,0,2,0
09-04-2022,M1 Room,3,2:12:39,0,3,0
09-04-2022,M1 Room,3,2:13:48,1,2,0
09-04-2022,M1 Room,2,2:14:08,1,1,0
09-04-2022,M1 Room,2,2:26:17,1,1,0
09-04-2022,M1 Room,3,2:27:08,0,3,0
09-04-2022,M1 Room,1,2:27:46,0,1,0
09-04-2022,M1 Room,0,2:27:50,0,0,0
09-04-2022,M1 Room,2,2:31:44,0,2,0
09-04-2022,M1 Room,3,2:32:19,0,3,0
09-04-2022,M1 Room,2,2:35:23,0,2,0
09-04-2022,M1 Room,2,2:35:38,0,2,0
09-04-2022,M1 Room,2,2:35:42,0,2,0
09-04-2022,M1 Room,2,2:35:45,0,2,0
09-04-2022,M1 Room,2,2:35:46,0,2,0
09-04-2022,M1 Room,1,2:35:52,0,1,0
09-04-2022,M1 Room,2,2:35:54,0,2,0
09-04-2022,M1 Room,3,2:36:29,1,2,0
09-04-2022,M1 Room,2,2:36:37,0,2,0
09-04-2022,M1 Room,2,2:36:41,0,2,0
09-04-2022,M1 Room,2,2:40:03,1,1,0
09-04-2022,M1 Room,2,2:40:15,1,1,0
09-04-2022,M1 Room,1,2:40:39,0,1,0
09-04-2022,M1 Room,1,2:40:57,0,1,0
09-04-2022,M1 Room,0,2:41:35,0,0,0
09-04-2022,M1 Room,2,2:43:41,1,1,0
09-04-2022,M1 Room,2,2:44:16,1,1,0
09-04-2022,M1 Room,2,2:44:52,1,1,0
09-04-2022,M1 Room,1,2:45:10,0,1,0
09-04-2022,M1 Room,1,2:45:22,1,0,0
09-04-2022,M1 Room,1,2:45:26,0,1,0
09-04-2022,M1 Room,2,2:46:07,0,2,0
09-04-2022,M1 Room,2,2:46:14,0,2,0
09-04-2022,M1 Room,3,2:46:27,1,2,0
09-04-2022,M1 Room,3,2:47:27,1,2,0
09-04-2022,M1 Room,0,2:47:50,0,0,0
09-04-2022,M1 Room,2,2:48:27,0,2,0
09-04-2022,M1 Room,2,2:49:00,0,2,0
09-04-2022,M1 Room,0,2:49:04,0,0,0
09-04-2022,M1 Room,2,2:49:33,0,2,0
09-04-2022,M1 Room,2,2:49:58,1,1,0
09-04-2022,M1 Room,2,2:50:01,0,2,0
09-04-2022,M1 Room,3,2:50:15,1,2,0
09-04-2022,M1 Room,2,2:50:29,0,2,0
09-04-2022,M1 Room,2,2:50:30,0,2,0
09-04-2022,M1 Room,2,2:50:55,0,2,0
09-04-2022,M1 Room,2,2:50:58,0,2,0
09-04-2022,M1 Room,2,2:51:07,0,2,0
09-04-2022,M1 Room,2,2:51:20,0,2,0
09-04-2022,M1 Room,1,2:51:27,0,1,0
09-04-2022,M1 Room,2,2:51:44,1,1,0
09-04-2022,M1 Room,1,2:51:48,0,1,0
09-04-2022,M1 Room,2,2:51:49,1,1,0
09-04-2022,M1 Room,1,2:52:19,0,1,0
09-04-2022,M1 Room,2,2:53:26,0,2,0
09-04-2022,M1 Room,2,2:53:28,1,1,0
09-04-2022,M1 Room,3,3:10:01,0,3,0
09-04-2022,M1 Room,3,3:10:10,1,2,0
09-04-2022,M1 Room,3,3:10:14,0,3,0
09-04-2022,M1 Room,3,3:10:37,1,2,0
09-04-2022,M1 Room,2,3:11:10,0,2,0
09-04-2022,M1 Room,2,3:11:48,1,1,0
09-04-2022,M1 Room,3,3:11:57,1,2,0
09-04-2022,M1 Room,2,3:12:07,1,1,0
09-04-2022,M1 Room,2,3:12:16,1,1,0
09-04-2022,M1 Room,2,3:13:21,0,2,0
09-04-2022,M1 Room,2,3:13:41,0,2,0
09-04-2022,M1 Room,2,3:13:57,0,2,0
09-04-2022,M1 Room,2,3:14:00,0,2,0
09-04-2022,M1 Room,1,3:14:16,0,1,0
09-04-2022,M1 Room,3,3:14:37,0,3,0
09-04-2022,M1 Room,3,3:14:49,0,3,0
09-04-2022,M1 Room,1,3:14:59,0,1,0
09-04-2022,M1 Room,2,3:25:48,1,1,0
09-04-2022,M1 Room,0,3:25:53,0,0,0
09-04-2022,M1 Room,2,3:28:01,0,2,0
09-04-2022,M1 Room,2,3:28:08,0,2,0
09-04-2022,M1 Room,1,3:28:09,0,1,0
09-04-2022,M1 Room,1,3:29:55,0,1,0
09-04-2022,M1 Room,0,3:30:53,0,0,0
09-04-2022,M1 Room,2,3:31:40,1,1,0
09-04-2022,M1 Room,0,3:32:02,0,0,0
09-04-2022,M1 Room,2,3:32:15,1,1,0
09-04-2022,M1 Room,2,3:32:37,0,2,0
09-04-2022,M1 Room,2,3:32:39,0,2,0
09-04-2022,M1 Room,1,3:32:46,0,1,0
09-04-2022,M1 Room,2,3:32:57,1,1,0
09-04-2022,M1 Room,1,3:33:24,0,1,0
09-04-2022,M1 Room,3,3:34:14,2,1,0
09-04-2022,M1 Room,3,3:34:22,2,1,0
09-04-2022,M1 Room,1,3:34:40,0,1,0
09-04-2022,M1 Room,2,3:34:53,1,1,0
09-04-2022,M1 Room,2,3:35:02,1,1,0
09-04-2022,M1 Room,2,3:35:07,0,2,0
09-04-2022,M1 Room,2,3:35:50,1,1,0
09-04-2022,M1 Room,2,3:36:03,1,1,0
09-04-2022,M1 Room,2,3:36:10,1,1,0
09-04-2022,M1 Room,2,3:36:27,0,2,0
09-04-2022,M1 Room,2,3:36:32,1,1,0
09-04-2022,M1 Room,1,3:36:49,0,1,0
09-04-2022,M1 Room,3,3:37:05,1,2,0
09-04-2022,M1 Room,1,3:37:15,0,1,0
09-04-2022,M1 Room,2,3:37:29,1,1,0
09-04-2022,M1 Room,3,3:38:00,0,3,0
09-04-2022,M1 Room,2,3:38:02,0,2,0
09-04-2022,M1 Room,3,3:38:10,0,3,0
09-04-2022,M1 Room,2,3:38:13,0,2,0
09-04-2022,M1 Room,1,3:43:42,0,1,0
09-04-2022,M1 Room,1,3:43:54,0,1,0
09-04-2022,M1 Room,1,3:44:18,0,1,0
09-04-2022,M1 Room,2,3:44:30,0,2,0
09-04-2022,M1 Room,1,3:44:40,0,1,0
09-04-2022,M1 Room,1,3:44:43,0,1,0
09-04-2022,M1 Room,3,3:44:49,1,1,1
09-04-2022,M1 Room,2,3:44:51,0,2,0
09-04-2022,M1 Room,1,3:45:00,0,1,0
09-04-2022,M1 Room,3,3:45:14,2,1,0
09-04-2022,M1 Room,2,3:45:23,1,0,1
09-04-2022,M1 Room,2,3:46:48,0,2,0
09-04-2022,M1 Room,2,3:46:52,1,1,0
09-04-2022,M1 Room,1,3:47:08,0,1,0
09-04-2022,M1 Room,1,3:47:38,0,1,0
09-04-2022,M1 Room,1,4:13:17,0,1,0
09-04-2022,M1 Room,2,4:13:33,1,1,0
09-04-2022,M1 Room,2,4:32:54,1,1,0
09-04-2022,M1 Room,1,4:33:10,0,1,0
09-04-2022,M1 Room,0,4:33:30,0,0,0
09-04-2022,M1 Room,2,4:34:30,1,1,0
09-04-2022,M1 Room,2,4:35:05,1,1,0
09-04-2022,M1 Room,2,4:35:19,1,1,0
09-04-2022,M1 Room,2,4:35:25,1,1,0
09-04-2022,M1 Room,2,4:35:38,1,1,0
09-04-2022,M1 Room,2,4:35:52,1,1,0
09-04-2022,M1 Room,4,4:39:13,0,4,0
09-04-2022,M1 Room,2,4:50:49,0,2,0
09-04-2022,M1 Room,2,4:51:02,0,2,0
09-04-2022,M1 Room,1,4:52:07,0,1,0
09-04-2022,M1 Room,2,5:05:03,1,1,0
09-04-2022,M1 Room,3,5:05:18,1,2,0
09-04-2022,M1 Room,3,5:05:44,1,2,0
09-04-2022,M1 Room,2,5:06:04,1,1,0
09-04-2022,M1 Room,2,5:06:46,1,1,0
09-04-2022,M1 Room,2,5:07:05,1,1,0
09-04-2022,M1 Room,2,5:07:26,1,1,0
09-04-2022,M1 Room,2,5:07:38,1,1,0
09-04-2022,M1 Room,3,5:09:47,2,1,0
09-04-2022,M1 Room,2,5:14:43,0,2,0
09-04-2022,M1 Room,1,5:14:50,0,1,0
09-04-2022,M1 Room,0,5:14:57,0,0,0
09-04-2022,M1 Room,1,5:15:04,0,1,0
09-04-2022,M1 Room,2,5:15:33,0,2,0
09-04-2022,M1 Room,3,5:16:19,1,2,0
09-04-2022,M1 Room,2,5:17:03,1,1,0
09-04-2022,M1 Room,2,5:17:23,1,1,0
09-04-2022,M1 Room,2,5:19:16,1,1,0
09-04-2022,M1 Room,3,5:22:56,2,1,0
09-04-2022,M1 Room,3,5:23:03,2,1,0
09-04-2022,M1 Room,1,5:23:37,1,0,0
09-04-2022,M1 Room,2,5:24:33,1,1,0
09-04-2022,M1 Room,2,5:25:52,1,1,0
09-04-2022,M1 Room,2,5:26:03,1,1,0
09-04-2022,M1 Room,3,5:26:41,1,2,0
09-04-2022,M1 Room,4,5:26:49,1,3,0
09-04-2022,M1 Room,3,5:28:55,2,1,0
09-04-2022,M1 Room,3,5:29:42,1,2,0
09-04-2022,M1 Room,3,5:30:09,1,2,0
09-04-2022,M1 Room,3,5:31:53,2,1,0
09-04-2022,M1 Room,0,5:33:04,0,0,0
09-04-2022,M1 Room,4,5:39:00,1,3,0
09-04-2022,M1 Room,2,5:39:59,1,1,0
09-04-2022,M1 Room,1,5:41:14,0,1,0
09-04-2022,M1 Room,1,5:43:11,0,1,0
09-04-2022,M1 Room,1,5:43:29,0,1,0
09-04-2022,M1 Room,0,5:45:41,0,0,0
09-04-2022,M1 Room,1,5:46:05,0,1,0
09-04-2022,M1 Room,2,5:46:12,0,2,0
09-04-2022,M1 Room,1,5:46:22,0,1,0
09-04-2022,M1 Room,1,5:46:46,0,1,0
09-04-2022,M1 Room,1,5:47:29,0,1,0
09-04-2022,M1 Room,1,5:47:44,0,1,0
09-04-2022,M1 Room,1,5:47:53,0,1,0
09-04-2022,M1 Room,1,5:48:15,0,1,0
09-04-2022,M1 Room,2,5:49:56,1,1,0
09-04-2022,M1 Room,0,5:50:06,0,0,0
09-04-2022,M1 Room,1,5:50:31,0,1,0
09-04-2022,M1 Room,1,5:50:43,0,1,0
09-04-2022,M1 Room,0,5:51:33,0,0,0
09-04-2022,M1 Room,1,5:54:10,0,1,0
09-04-2022,M1 Room,0,5:54:17,0,0,0
09-04-2022,M1 Room,2,5:58:42,1,1,0
09-04-2022,M1 Room,0,5:59:03,0,0,0
09-04-2022,M1 Room,2,6:02:12,0,2,0
09-04-2022,M1 Room,1,6:03:03,0,1,0
09-04-2022,M1 Room,1,6:04:45,0,1,0
09-04-2022,M1 Room,1,6:04:56,0,1,0
09-04-2022,M1 Room,2,6:06:17,0,2,0
09-04-2022,M1 Room,2,6:25:37,0,2,0
09-04-2022,M1 Room,1,6:25:47,0,1,0
09-04-2022,M1 Room,2,6:25:59,0,2,0
09-04-2022,M1 Room,0,6:26:03,0,0,0
09-04-2022,M1 Room,1,6:27:02,0,1,0
09-04-2022,M1 Room,0,6:27:05,0,0,0
09-04-2022,M1 Room,1,6:29:06,0,1,0
09-04-2022,M1 Room,0,6:30:13,0,0,0
09-04-2022,M1 Room,3,6:30:23,0,3,0
09-04-2022,M1 Room,3,6:30:43,0,3,0
09-04-2022,M1 Room,3,6:30:48,0,3,0
09-04-2022,M1 Room,3,6:30:55,0,3,0
09-04-2022,M1 Room,1,6:30:55,0,1,0
09-04-2022,M1 Room,2,6:32:01,0,2,0
09-04-2022,M1 Room,2,6:32:11,0,2,0
09-04-2022,M1 Room,1,6:32:14,1,0,0
09-04-2022,M1 Room,2,6:38:52,1,1,0
09-04-2022,M1 Room,1,6:39:08,0,1,0
09-04-2022,M1 Room,2,6:39:29,0,2,0
09-04-2022,M1 Room,3,6:43:36,1,2,0
09-04-2022,M1 Room,1,6:44:24,0,1,0
09-04-2022,M1 Room,3,6:44:49,1,2,0
09-04-2022,M1 Room,2,6:45:18,1,1,0
09-04-2022,M1 Room,3,6:45:57,1,2,0
09-04-2022,M1 Room,3,6:46:04,1,2,0
09-04-2022,M1 Room,4,6:47:04,1,3,0
09-04-2022,M1 Room,0,6:47:22,0,0,0
09-04-2022,M1 Room,4,6:48:12,1,3,0
09-04-2022,M1 Room,4,6:50:26,1,3,0
09-04-2022,M1 Room,3,6:50:34,1,2,0
09-04-2022,M1 Room,3,6:52:24,1,2,0
09-04-2022,M1 Room,2,6:54:53,1,1,0
09-04-2022,M1 Room,2,6:55:10,1,1,0
09-04-2022,M1 Room,0,6:55:53,0,0,0
09-04-2022,M1 Room,1,6:57:34,0,1,0
09-04-2022,M1 Room,2,6:57:53,1,1,0
09-04-2022,M1 Room,3,6:59:17,0,3,0
09-04-2022,M1 Room,2,7:01:28,1,1,0
09-04-2022,M1 Room,1,7:03:01,0,1,0
09-04-2022,M1 Room,1,7:03:11,0,1,0
09-04-2022,M1 Room,2,7:05:47,0,2,0
09-04-2022,M1 Room,2,7:06:40,0,2,0
09-04-2022,M1 Room,2,7:06:47,0,2,0
09-04-2022,M1 Room,1,7:07:54,0,1,0
09-04-2022,M1 Room,1,7:08:18,0,1,0
09-04-2022,M1 Room,2,7:08:57,0,2,0
09-04-2022,M1 Room,2,7:09:12,0,2,0
09-04-2022,M1 Room,1,7:10:27,0,1,0
09-04-2022,M1 Room,1,7:10:36,0,1,0
09-04-2022,M1 Room,1,7:12:06,0,1,0
09-04-2022,M1 Room,1,7:12:12,0,1,0
09-04-2022,M1 Room,0,7:12:55,0,0,0
09-04-2022,M1 Room,2,8:13:03,1,1,0
09-04-2022,M1 Room,1,8:13:12,1,0,0
09-04-2022,M1 Room,2,8:14:33,0,2,0
09-04-2022,M1 Room,1,8:14:43,0,1,0
09-04-2022,M1 Room,2,8:19:55,1,1,0
09-04-2022,M1 Room,1,8:20:57,0,1,0
09-04-2022,M1 Room,2,8:31:22,1,1,0
09-04-2022,M1 Room,1,8:32:05,1,0,0
09-04-2022,M1 Room,2,8:35:26,1,1,0
09-04-2022,M1 Room,1,8:35:51,1,0,0
09-04-2022,M1 Room,1,9:00:39,0,1,0
09-04-2022,M1 Room,2,9:00:58,1,1,0
09-04-2022,M1 Room,1,9:10:27,0,1,0
09-04-2022,M1 Room,1,9:10:33,0,1,0
09-04-2022,M1 Room,1,9:11:52,0,1,0
09-04-2022,M1 Room,0,9:11:54,0,0,0
09-04-2022,M1 Room,1,9:14:43,0,1,0
09-04-2022,M1 Room,0,9:14:46,0,0,0
09-04-2022,M1 Room,1,9:15:00,0,1,0
09-04-2022,M1 Room,0,9:15:06,0,0,0
09-04-2022,M1 Room,1,9:21:04,0,1,0
09-04-2022,M1 Room,1,9:21:28,0,1,0
09-04-2022,M1 Room,0,9:21:42,0,0,0
09-04-2022,M1 Room,1,9:24:27,0,1,0
09-04-2022,M1 Room,0,9:24:38,0,0,0
09-04-2022,M1 Room,2,2:06:47,0,2,0
09-04-2022,M1 Room,2,2:07:02,0,2,0
09-04-2022,M1 Room,2,2:07:20,0,2,0
09-04-2022,M1 Room,3,2:11:46,1,2,0
09-04-2022,M1 Room,3,2:12:17,0,3,0
09-04-2022,M1 Room,2,2:12:35,0,2,0
09-04-2022,M1 Room,3,2:12:39,0,3,0
09-04-2022,M1 Room,1,2:15:26,0,1,0
09-04-2022,M1 Room,3,2:15:36,0,3,0
09-04-2022,M1 Room,2,2:17:19,0,2,0
09-04-2022,M1 Room,3,2:17:23,0,3,0
09-04-2022,M1 Room,1,2:20:44,0,1,0
09-04-2022,M1 Room,2,2:21:06,1,1,0
09-04-2022,M1 Room,3,2:22:16,1,2,0
09-04-2022,M1 Room,2,2:31:03,0,2,0
09-04-2022,M1 Room,3,2:31:16,0,3,0
09-04-2022,M1 Room,2,2:31:24,0,2,0
09-04-2022,M1 Room,2,2:31:44,0,2,0
09-04-2022,M1 Room,3,2:32:19,0,3,0
09-04-2022,M1 Room,1,2:33:58,0,1,0
09-04-2022,M1 Room,2,2:34:15,0,2,0
09-04-2022,M1 Room,1,2:34:34,0,1,0
09-04-2022,M1 Room,1,2:34:38,0,1,0
09-04-2022,M1 Room,2,2:35:23,0,2,0
09-04-2022,M1 Room,2,2:35:38,0,2,0
09-04-2022,M1 Room,2,2:35:42,0,2,0
09-04-2022,M1 Room,2,2:35:45,0,2,0
09-04-2022,M1 Room,2,2:35:46,0,2,0
09-04-2022,M1 Room,1,2:35:52,0,1,0
09-04-2022,M1 Room,2,2:35:54,0,2,0
09-04-2022,M1 Room,3,2:36:29,1,2,0
09-04-2022,M1 Room,2,2:36:37,0,2,0
09-04-2022,M1 Room,2,2:36:41,0,2,0
09-04-2022,M1 Room,2,2:48:27,0,2,0
09-04-2022,M1 Room,2,2:49:00,0,2,0
09-04-2022,M1 Room,0,2:49:04,0,0,0
09-04-2022,M1 Room,2,2:49:33,0,2,0
09-04-2022,M1 Room,2,2:49:58,1,1,0
09-04-2022,M1 Room,2,2:50:01,0,2,0
09-04-2022,M1 Room,3,2:50:15,1,2,0
09-04-2022,M1 Room,2,2:50:29,0,2,0
09-04-2022,M1 Room,2,2:50:30,0,2,0
09-04-2022,M1 Room,2,2:50:55,0,2,0
09-04-2022,M1 Room,2,2:50:58,0,2,0
09-04-2022,M1 Room,2,2:51:07,0,2,0
09-04-2022,M1 Room,2,2:51:20,0,2,0
09-04-2022,M1 Room,1,2:51:27,0,1,0
09-04-2022,M1 Room,1,2:52:52,0,1,0
09-04-2022,M1 Room,3,2:53:06,0,3,0
09-04-2022,M1 Room,1,2:53:09,0,1,0
09-04-2022,M1 Room,2,2:53:26,0,2,0
09-04-2022,M1 Room,2,2:53:28,1,1,0
09-04-2022,M1 Room,1,2:53:37,0,1,0
09-04-2022,M1 Room,3,2:53:45,0,3,0
09-04-2022,M1 Room,1,2:55:43,0,1,0
09-04-2022,M1 Room,1,2:55:55,0,1,0
09-04-2022,M1 Room,1,2:56:01,0,1,0
09-04-2022,M1 Room,2,2:56:02,0,2,0
09-04-2022,M1 Room,1,2:56:16,0,1,0
09-04-2022,M1 Room,3,2:56:26,1,2,0
09-04-2022,M1 Room,1,2:57:13,0,1,0
09-04-2022,M1 Room,1,2:57:52,0,1,0
09-04-2022,M1 Room,1,2:57:58,0,1,0
09-04-2022,M1 Room,2,2:58:23,1,1,0
09-04-2022,M1 Room,2,2:58:25,0,2,0
09-04-2022,M1 Room,3,2:58:33,1,2,0
09-04-2022,M1 Room,1,2:58:57,0,1,0
09-04-2022,M1 Room,2,2:59:03,0,2,0
09-04-2022,M1 Room,1,2:59:40,0,1,0
09-04-2022,M1 Room,1,3:00:01,0,1,0
09-04-2022,M1 Room,1,3:00:14,0,1,0
09-04-2022,M1 Room,1,3:00:14,0,1,0
09-04-2022,M1 Room,1,3:00:30,0,1,0
09-04-2022,M1 Room,1,3:00:45,0,1,0
09-04-2022,M1 Room,1,3:00:50,0,1,0
09-04-2022,M1 Room,1,3:01:00,0,1,0
09-04-2022,M1 Room,1,3:01:14,0,1,0
09-04-2022,M1 Room,1,3:01:16,0,1,0
09-04-2022,M1 Room,1,3:01:45,0,1,0
09-04-2022,M1 Room,1,3:02:05,0,1,0
09-04-2022,M1 Room,1,3:02:12,0,1,0
09-04-2022,M1 Room,1,3:02:12,0,1,0
09-04-2022,M1 Room,3,3:02:22,0,3,0
09-04-2022,M1 Room,1,3:02:33,0,1,0
09-04-2022,M1 Room,4,3:03:01,0,4,0
09-04-2022,M1 Room,2,3:03:02,0,2,0
09-04-2022,M1 Room,2,3:03:11,0,2,0
09-04-2022,M1 Room,2,3:03:14,0,2,0
09-04-2022,M1 Room,3,3:04:21,0,3,0
09-04-2022,M1 Room,3,3:05:04,0,3,0
09-04-2022,M1 Room,1,3:05:27,0,1,0
09-04-2022,M1 Room,1,3:05:39,0,1,0
09-04-2022,M1 Room,1,3:05:54,0,1,0
09-04-2022,M1 Room,3,3:06:03,0,3,0
09-04-2022,M1 Room,3,3:06:20,0,3,0
09-04-2022,M1 Room,2,3:06:33,0,2,0
09-04-2022,M1 Room,4,3:06:55,0,4,0
09-04-2022,M1 Room,2,3:07:06,0,2,0
09-04-2022,M1 Room,2,3:07:38,0,2,0
09-04-2022,M1 Room,2,3:07:47,0,2,0
09-04-2022,M1 Room,2,3:08:03,0,2,0
09-04-2022,M1 Room,3,3:11:57,1,2,0
09-04-2022,M1 Room,2,3:12:07,1,1,0
09-04-2022,M1 Room,2,3:13:41,0,2,0
09-04-2022,M1 Room,2,3:13:57,0,2,0
09-04-2022,M1 Room,2,3:14:00,0,2,0
09-04-2022,M1 Room,1,3:14:16,0,1,0
09-04-2022,M1 Room,3,3:14:37,0,3,0
09-04-2022,M1 Room,3,3:14:49,0,3,0
09-04-2022,M1 Room,1,3:14:59,0,1,0
09-04-2022,M1 Room,1,3:15:48,0,1,0
09-04-2022,M1 Room,2,3:15:53,0,2,0
09-04-2022,M1 Room,2,3:16:03,0,2,0
09-04-2022,M1 Room,3,3:17:09,0,3,0
09-04-2022,M1 Room,3,3:17:35,0,3,0
09-04-2022,M1 Room,3,3:17:48,0,3,0
09-04-2022,M1 Room,1,3:18:23,0,1,0
09-04-2022,M1 Room,1,3:18:37,0,1,0
09-04-2022,M1 Room,1,3:18:53,0,1,0
09-04-2022,M1 Room,1,3:19:01,0,1,0
09-04-2022,M1 Room,3,3:19:28,0,3,0
09-04-2022,M1 Room,2,3:19:51,0,2,0
09-04-2022,M1 Room,2,3:20:10,0,2,0
09-04-2022,M1 Room,3,3:20:31,1,2,0
09-04-2022,M1 Room,1,3:20:43,0,1,0
09-04-2022,M1 Room,2,3:21:06,0,2,0
09-04-2022,M1 Room,2,3:21:07,0,2,0
09-04-2022,M1 Room,3,3:21:39,0,3,0
09-04-2022,M1 Room,3,3:21:59,0,3,0
09-04-2022,M1 Room,1,3:22:02,0,1,0
09-04-2022,M1 Room,3,3:22:53,0,3,0
09-04-2022,M1 Room,2,3:23:00,0,2,0
09-04-2022,M1 Room,2,3:23:17,0,2,0
09-04-2022,M1 Room,2,3:23:20,0,2,0
09-04-2022,M1 Room,2,3:23:26,0,2,0
09-04-2022,M1 Room,1,3:23:35,0,1,0
09-04-2022,M1 Room,3,3:23:40,0,3,0
09-04-2022,M1 Room,0,3:23:44,0,0,0
09-04-2022,M1 Room,3,3:23:50,0,3,0
09-04-2022,M1 Room,1,3:23:56,0,1,0
09-04-2022,M1 Room,3,3:24:06,0,3,0
09-04-2022,M1 Room,1,3:24:28,0,1,0
09-04-2022,M1 Room,1,3:24:29,0,1,0
09-04-2022,M1 Room,1,3:24:38,0,1,0
09-04-2022,M1 Room,1,3:24:55,0,1,0
09-04-2022,M1 Room,1,3:25:37,0,1,0
09-04-2022,M1 Room,2,3:26:36,1,1,0
09-04-2022,M1 Room,2,3:26:46,1,1,0
09-04-2022,M1 Room,2,3:26:51,1,1,0
09-04-2022,M1 Room,1,3:27:08,0,1,0
09-04-2022,M1 Room,2,3:27:11,1,1,0
09-04-2022,M1 Room,1,3:27:30,0,1,0
09-04-2022,M1 Room,1,3:28:25,0,1,0
09-04-2022,M1 Room,1,3:29:14,0,1,0
09-04-2022,M1 Room,1,3:29:33,1,0,0
09-04-2022,M1 Room,1,3:29:33,0,1,0
09-04-2022,M1 Room,1,3:29:55,0,1,0
09-04-2022,M1 Room,2,3:32:39,0,2,0
09-04-2022,M1 Room,1,3:32:46,0,1,0
09-04-2022,M1 Room,1,3:33:24,0,1,0
09-04-2022,M1 Room,1,3:33:29,0,1,0
09-04-2022,M1 Room,3,3:37:05,1,2,0
09-04-2022,M1 Room,1,3:37:15,0,1,0
09-04-2022,M1 Room,3,3:38:00,0,3,0
09-04-2022,M1 Room,2,3:38:02,0,2,0
09-04-2022,M1 Room,3,3:38:10,0,3,0
09-04-2022,M1 Room,2,3:38:13,0,2,0
09-04-2022,M1 Room,1,3:42:10,0,1,0
09-04-2022,M1 Room,1,3:42:14,0,1,0
09-04-2022,M1 Room,1,3:42:18,0,1,0
09-04-2022,M1 Room,1,3:42:36,0,1,0
09-04-2022,M1 Room,1,3:42:38,0,1,0
09-04-2022,M1 Room,2,3:43:00,0,2,0
09-04-2022,M1 Room,1,3:58:31,0,1,0
09-04-2022,M1 Room,1,3:59:00,1,0,0
09-04-2022,M1 Room,1,4:00:09,0,1,0
09-04-2022,M1 Room,2,4:00:35,1,1,0
09-04-2022,M1 Room,1,4:06:49,0,1,0
09-04-2022,M1 Room,0,4:07:09,0,0,0
09-04-2022,M1 Room,3,4:30:02,0,3,0
09-04-2022,M1 Room,1,4:30:12,0,1,0
09-04-2022,M1 Room,0,4:30:42,0,0,0
09-04-2022,M1 Room,1,4:30:53,0,1,0
09-04-2022,M1 Room,1,4:31:04,0,1,0
09-04-2022,M1 Room,0,4:31:10,0,0,0
09-04-2022,M1 Room,1,4:31:15,0,1,0
09-04-2022,M1 Room,1,4:31:27,0,1,0
09-04-2022,M1 Room,0,4:31:59,0,0,0
09-04-2022,M1 Room,4,4:39:13,0,4,0
09-04-2022,M1 Room,4,4:39:27,0,4,0
09-04-2022,M1 Room,4,4:39:32,0,4,0
09-04-2022,M1 Room,2,4:39:57,0,2,0
09-04-2022,M1 Room,3,4:41:00,0,3,0
09-04-2022,M1 Room,2,4:41:45,0,2,0
09-04-2022,M1 Room,0,4:42:11,0,0,0
09-04-2022,M1 Room,2,4:43:10,0,2,0
09-04-2022,M1 Room,2,4:43:19,0,2,0
09-04-2022,M1 Room,2,4:43:36,0,2,0
09-04-2022,M1 Room,2,4:43:46,0,2,0
09-04-2022,M1 Room,2,4:44:10,0,2,0
09-04-2022,M1 Room,2,4:44:28,0,2,0
09-04-2022,M1 Room,2,4:44:38,0,2,0
09-04-2022,M1 Room,2,4:45:31,0,2,0
09-04-2022,M1 Room,2,4:46:04,0,2,0
09-04-2022,M1 Room,3,4:46:31,0,3,0
09-04-2022,M1 Room,0,4:46:38,0,0,0
09-04-2022,M1 Room,2,4:47:07,0,2,0
09-04-2022,M1 Room,3,4:47:32,0,3,0
09-04-2022,M1 Room,0,4:47:32,0,0,0
09-04-2022,M1 Room,2,4:47:52,0,2,0
09-04-2022,M1 Room,2,4:48:46,0,2,0
09-04-2022,M1 Room,2,4:49:11,0,2,0
09-04-2022,M1 Room,4,4:49:37,0,4,0
09-04-2022,M1 Room,1,4:50:17,0,1,0
09-04-2022,M1 Room,0,4:50:48,0,0,0
09-04-2022,M1 Room,2,4:50:49,0,2,0
09-04-2022,M1 Room,2,4:51:02,0,2,0
09-04-2022,M1 Room,1,4:52:07,0,1,0
09-04-2022,M1 Room,2,4:52:50,0,2,0
09-04-2022,M1 Room,2,4:52:58,0,2,0
09-04-2022,M1 Room,2,4:53:26,0,2,0
09-04-2022,M1 Room,3,4:53:34,0,3,0
09-04-2022,M1 Room,3,4:53:44,0,3,0
09-04-2022,M1 Room,1,4:54:03,0,1,0
09-04-2022,M1 Room,1,4:54:10,0,1,0
09-04-2022,M1 Room,2,4:54:39,0,2,0
09-04-2022,M1 Room,0,4:54:42,0,0,0
09-04-2022,M1 Room,1,4:54:50,0,1,0
09-04-2022,M1 Room,1,4:55:00,0,1,0
09-04-2022,M1 Room,0,4:55:03,0,0,0
09-04-2022,M1 Room,3,4:55:42,0,3,0
09-04-2022,M1 Room,3,4:55:53,0,3,0
09-04-2022,M1 Room,3,4:56:42,0,3,0
09-04-2022,M1 Room,2,4:57:01,1,1,0
09-04-2022,M1 Room,3,4:57:10,0,3,0
09-04-2022,M1 Room,3,4:57:20,0,3,0
09-04-2022,M1 Room,3,4:57:31,0,3,0
09-04-2022,M1 Room,3,4:58:22,0,3,0
09-04-2022,M1 Room,4,4:59:49,0,4,0
09-04-2022,M1 Room,1,5:00:22,0,1,0
09-04-2022,M1 Room,1,5:00:44,0,1,0
09-04-2022,M1 Room,1,5:00:53,0,1,0
09-04-2022,M1 Room,1,5:02:15,0,1,0
09-04-2022,M1 Room,2,5:02:42,1,1,0
09-04-2022,M1 Room,2,5:02:51,1,1,0
09-04-2022,M1 Room,2,5:03:23,1,1,0
09-04-2022,M1 Room,1,5:03:32,1,0,0
09-04-2022,M1 Room,3,5:03:42,2,1,0
09-04-2022,M1 Room,2,5:05:03,1,1,0
09-04-2022,M1 Room,3,5:16:19,1,2,0
09-04-2022,M1 Room,3,5:16:49,1,2,0
09-04-2022,M1 Room,2,5:19:16,1,1,0
09-04-2022,M1 Room,1,5:20:40,0,1,0
09-04-2022,M1 Room,1,5:21:58,0,1,0
09-04-2022,M1 Room,1,5:22:17,0,1,0
09-04-2022,M1 Room,3,5:22:56,2,1,0
09-04-2022,M1 Room,4,5:26:49,1,3,0
09-04-2022,M1 Room,3,5:28:55,2,1,0
09-04-2022,M1 Room,1,5:48:15,0,1,0
09-04-2022,M1 Room,2,5:49:56,1,1,0
09-04-2022,M1 Room,1,5:57:39,0,1,0
09-04-2022,M1 Room,1,5:58:11,0,1,0
09-04-2022,M1 Room,2,5:58:42,1,1,0
09-04-2022,M1 Room,3,6:01:49,0,3,0
09-04-2022,M1 Room,2,6:01:57,0,2,0
09-04-2022,M1 Room,2,6:02:12,0,2,0
09-04-2022,M1 Room,1,6:03:03,0,1,0
09-04-2022,M1 Room,1,6:03:25,0,1,0
09-04-2022,M1 Room,1,6:04:45,0,1,0
09-04-2022,M1 Room,2,6:06:17,0,2,0
09-04-2022,M1 Room,1,6:07:04,0,1,0
09-04-2022,M1 Room,2,6:07:33,0,2,0
09-04-2022,M1 Room,2,6:07:46,0,2,0
09-04-2022,M1 Room,2,6:08:01,0,2,0
09-04-2022,M1 Room,2,6:08:12,0,2,0
09-04-2022,M1 Room,2,6:08:51,0,2,0
09-04-2022,M1 Room,1,6:09:05,0,1,0
09-04-2022,M1 Room,2,6:09:10,0,2,0
09-04-2022,M1 Room,1,6:09:24,0,1,0
09-04-2022,M1 Room,2,6:09:32,0,2,0
09-04-2022,M1 Room,2,6:09:38,0,2,0
09-04-2022,M1 Room,2,6:10:38,0,2,0
09-04-2022,M1 Room,2,6:10:49,0,2,0
09-04-2022,M1 Room,2,6:10:56,0,2,0
09-04-2022,M1 Room,2,6:13:47,0,2,0
09-04-2022,M1 Room,2,6:14:10,0,2,0
09-04-2022,M1 Room,2,6:14:17,0,2,0
09-04-2022,M1 Room,2,6:14:30,0,2,0
09-04-2022,M1 Room,2,6:15:10,0,2,0
09-04-2022,M1 Room,2,6:15:16,0,2,0
09-04-2022,M1 Room,2,6:15:24,0,2,0
09-04-2022,M1 Room,2,6:16:12,0,2,0
09-04-2022,M1 Room,2,6:16:36,0,2,0
09-04-2022,M1 Room,2,6:16:48,0,2,0
09-04-2022,M1 Room,2,6:17:38,0,2,0
09-04-2022,M1 Room,2,6:17:56,0,2,0
09-04-2022,M1 Room,2,6:19:08,0,2,0
09-04-2022,M1 Room,2,6:19:27,0,2,0
09-04-2022,M1 Room,2,6:19:55,0,2,0
09-04-2022,M1 Room,2,6:20:37,0,2,0
09-04-2022,M1 Room,2,6:21:16,0,2,0
09-04-2022,M1 Room,2,6:21:29,0,2,0
09-04-2022,M1 Room,2,6:22:04,0,2,0
09-04-2022,M1 Room,2,6:22:11,0,2,0
09-04-2022,M1 Room,1,6:22:26,0,1,0
09-04-2022,M1 Room,1,6:22:34,0,1,0
09-04-2022,M1 Room,0,6:22:39,0,0,0
09-04-2022,M1 Room,2,6:22:48,0,2,0
09-04-2022,M1 Room,1,6:22:53,1,0,0
09-04-2022,M1 Room,1,6:22:57,0,1,0
09-04-2022,M1 Room,2,6:23:20,0,2,0
09-04-2022,M1 Room,0,6:23:21,0,0,0
09-04-2022,M1 Room,1,6:23:50,0,1,0
09-04-2022,M1 Room,1,6:24:09,0,1,0
09-04-2022,M1 Room,1,6:24:19,0,1,0
09-04-2022,M1 Room,1,6:25:04,0,1,0
09-04-2022,M1 Room,0,6:25:26,0,0,0
09-04-2022,M1 Room,2,6:25:37,0,2,0
09-04-2022,M1 Room,1,6:25:47,0,1,0
09-04-2022,M1 Room,2,6:25:59,0,2,0
09-04-2022,M1 Room,0,6:26:03,0,0,0
09-04-2022,M1 Room,3,6:30:23,0,3,0
09-04-2022,M1 Room,3,6:30:43,0,3,0
09-04-2022,M1 Room,3,6:30:48,0,3,0
09-04-2022,M1 Room,3,6:30:55,0,3,0
09-04-2022,M1 Room,1,6:30:55,0,1,0
09-04-2022,M1 Room,2,6:32:01,0,2,0
09-04-2022,M1 Room,2,6:32:11,0,2,0
09-04-2022,M1 Room,1,6:32:14,1,0,0
09-04-2022,M1 Room,1,6:32:32,0,1,0
09-04-2022,M1 Room,2,6:32:39,0,2,0
09-04-2022,M1 Room,0,6:32:46,0,0,0
09-04-2022,M1 Room,1,6:32:58,0,1,0
09-04-2022,M1 Room,2,6:33:03,0,2,0
09-04-2022,M1 Room,1,6:33:23,0,1,0
09-04-2022,M1 Room,1,6:33:33,0,1,0
09-04-2022,M1 Room,0,6:33:49,0,0,0
09-04-2022,M1 Room,1,6:33:51,0,1,0
09-04-2022,M1 Room,3,6:34:11,0,3,0
09-04-2022,M1 Room,1,6:34:21,0,1,0
09-04-2022,M1 Room,2,6:34:34,0,2,0
09-04-2022,M1 Room,0,6:35:52,0,0,0
09-04-2022,M1 Room,3,6:37:59,0,3,0
09-04-2022,M1 Room,0,6:38:05,0,0,0
09-04-2022,M1 Room,2,6:39:29,0,2,0
09-04-2022,M1 Room,2,6:39:37,0,2,0
09-04-2022,M1 Room,2,6:39:49,0,2,0
09-04-2022,M1 Room,1,6:39:57,0,1,0
09-04-2022,M1 Room,0,6:41:45,0,0,0
09-04-2022,M1 Room,2,6:42:43,0,2,0
09-04-2022,M1 Room,0,6:43:19,0,0,0
09-04-2022,M1 Room,3,6:43:36,1,2,0
09-04-2022,M1 Room,1,6:44:24,0,1,0
09-04-2022,M1 Room,3,6:45:57,1,2,0
09-04-2022,M1 Room,3,6:46:04,1,2,0
09-04-2022,M1 Room,0,6:46:28,0,0,0
09-04-2022,M1 Room,4,6:47:04,1,3,0
09-04-2022,M1 Room,0,6:47:22,0,0,0
09-04-2022,M1 Room,4,6:48:12,1,3,0
09-04-2022,M1 Room,4,6:50:26,1,3,0
09-04-2022,M1 Room,3,6:50:34,1,2,0
09-04-2022,M1 Room,3,6:52:24,1,2,0
09-04-2022,M1 Room,3,6:59:17,0,3,0
09-04-2022,M1 Room,2,7:01:28,1,1,0
09-04-2022,M1 Room,1,7:03:01,0,1,0
09-04-2022,M1 Room,1,7:03:11,0,1,0
09-04-2022,M1 Room,1,7:20:33,0,1,0
09-04-2022,M1 Room,1,7:20:49,0,1,0
09-04-2022,M1 Room,0,7:21:20,0,0,0
09-04-2022,M1 Room,2,8:14:33,0,2,0
09-04-2022,M1 Room,1,8:14:43,0,1,0
09-04-2022,M1 Room,1,8:15:20,0,1,0
09-04-2022,M1 Room,0,8:15:28,0,0,0
09-04-2022,M1 Room,1,8:15:36,0,1,0
09-04-2022,M1 Room,1,8:15:54,1,0,0
09-04-2022,M1 Room,1,8:20:57,0,1,0
09-04-2022,M1 Room,1,8:21:15,0,1,0
09-04-2022,M1 Room,1,8:22:10,1,0,0
09-04-2022,M1 Room,1,8:22:26,0,1,0
09-04-2022,M1 Room,2,8:22:38,1,1,0
09-04-2022,M1 Room,0,8:22:55,0,0,0
09-04-2022,M1 Room,2,8:23:29,1,1,0
09-04-2022,M1 Room,1,8:23:34,0,1,0
09-04-2022,M1 Room,1,8:23:51,0,1,0
09-04-2022,M1 Room,1,8:24:00,0,1,0
09-04-2022,M1 Room,1,8:24:08,0,1,0
09-04-2022,M1 Room,1,8:24:20,0,1,0
09-04-2022,M1 Room,0,8:25:07,0,0,0
09-04-2022,M1 Room,1,8:25:12,0,1,0
09-04-2022,M1 Room,1,8:25:19,0,1,0
09-04-2022,M1 Room,1,8:25:33,0,1,0
09-04-2022,M1 Room,0,8:25:46,0,0,0
09-04-2022,M1 Room,1,8:27:42,0,1,0
09-04-2022,M1 Room,0,8:27:51,0,0,0
09-04-2022,M1 Room,2,8:28:22,1,1,0
09-04-2022,M1 Room,0,8:28:36,0,0,0
09-04-2022,M1 Room,1,8:32:55,0,1,0
09-04-2022,M1 Room,1,8:33:08,0,1,0
09-04-2022,M1 Room,1,8:33:20,0,1,0
09-04-2022,M1 Room,1,8:33:41,0,1,0
09-04-2022,M1 Room,1,8:34:40,1,0,0
09-04-2022,M1 Room,1,8:37:34,0,1,0
09-04-2022,M1 Room,1,8:37:45,0,1,0
09-04-2022,M1 Room,0,8:38:32,0,0,0
09-04-2022,M1 Room,1,8:38:39,0,1,0
09-04-2022,M1 Room,0,8:38:52,0,0,0
09-04-2022,M1 Room,1,8:39:46,0,1,0
09-04-2022,M1 Room,1,8:40:06,1,0,0
09-04-2022,M1 Room,1,8:40:12,0,1,0
09-04-2022,M1 Room,2,8:40:26,0,2,0
09-04-2022,M1 Room,1,8:40:27,0,1,0
09-04-2022,M1 Room,1,8:41:01,0,1,0
09-04-2022,M1 Room,0,8:41:54,0,0,0
09-04-2022,M1 Room,1,8:42:08,0,1,0
09-04-2022,M1 Room,2,8:42:09,0,0,2
09-04-2022,M1 Room,1,8:42:27,0,1,0
09-04-2022,M1 Room,0,8:42:30,0,0,0
09-04-2022,M1 Room,1,8:44:33,0,1,0
09-04-2022,M1 Room,0,8:44:50,0,0,0
09-04-2022,M1 Room,1,8:46:09,0,1,0
09-04-2022,M1 Room,1,8:46:29,0,1,0
09-04-2022,M1 Room,1,8:46:39,0,1,0
09-04-2022,M1 Room,0,8:46:43,0,0,0
09-04-2022,M1 Room,1,8:46:49,0,1,0
09-04-2022,M1 Room,1,8:47:09,0,1,0
09-04-2022,M1 Room,1,8:47:42,0,1,0
09-04-2022,M1 Room,1,8:48:04,0,1,0
09-04-2022,M1 Room,1,8:48:06,0,1,0
09-04-2022,M1 Room,1,8:49:01,0,1,0
09-04-2022,M1 Room,2,8:49:08,0,2,0
09-04-2022,M1 Room,1,8:51:38,0,1,0
09-04-2022,M1 Room,2,8:51:52,0,2,0
09-04-2022,M1 Room,1,8:52:19,0,1,0
09-04-2022,M1 Room,0,8:52:29,0,0,0
09-04-2022,M1 Room,1,8:53:05,0,1,0
09-04-2022,M1 Room,1,8:53:13,0,1,0
09-04-2022,M1 Room,2,8:53:17,0,2,0
09-04-2022,M1 Room,1,8:53:20,0,1,0
09-04-2022,M1 Room,0,8:53:44,0,0,0
09-04-2022,M1 Room,2,8:55:12,1,1,0
09-04-2022,M1 Room,0,8:55:24,0,0,0
09-04-2022,M1 Room,1,8:56:22,0,1,0
09-04-2022,M1 Room,2,8:56:23,0,2,0
09-04-2022,M1 Room,1,8:57:57,0,1,0
09-04-2022,M1 Room,1,8:58:04,0,1,0
09-04-2022,M1 Room,1,8:58:15,0,1,0
09-04-2022,M1 Room,1,8:58:23,0,1,0
09-04-2022,M1 Room,1,8:58:30,0,1,0
09-04-2022,M1 Room,1,8:58:43,1,0,0
09-04-2022,M1 Room,1,8:59:21,0,1,0
09-04-2022,M1 Room,1,8:59:27,0,1,0
09-04-2022,M1 Room,1,8:59:39,0,1,0
09-04-2022,M1 Room,1,8:59:51,0,1,0
09-04-2022,M1 Room,1,9:06:31,0,1,0
09-04-2022,M1 Room,2,9:06:55,1,1,0
09-04-2022,M1 Room,1,9:09:27,0,1,0
09-04-2022,M1 Room,1,9:09:44,0,1,0
09-04-2022,M1 Room,1,9:09:56,0,1,0
09-04-2022,M1 Room,3,9:10:03,1,2,0
09-04-2022,M1 Room,2,9:10:16,1,1,0
09-04-2022,M1 Room,1,9:10:20,0,1,0
09-04-2022,M1 Room,2,9:10:38,1,1,0
09-04-2022,M1 Room,1,9:10:47,0,1,0
09-04-2022,M1 Room,1,9:10:53,0,1,0
09-04-2022,M1 Room,1,9:11:08,0,1,0
09-04-2022,M1 Room,1,9:11:35,0,1,0
09-04-2022,M1 Room,1,9:11:52,0,1,0
09-04-2022,M1 Room,1,9:15:15,0,1,0
09-04-2022,M1 Room,1,9:15:21,0,1,0
09-04-2022,M1 Room,1,9:15:57,0,1,0
09-04-2022,M1 Room,2,9:16:10,0,2,0
09-04-2022,M1 Room,1,9:16:25,0,1,0
09-04-2022,M1 Room,1,9:16:39,0,1,0
09-04-2022,M1 Room,1,9:16:45,0,1,0
09-04-2022,M1 Room,1,9:16:55,1,0,0
09-04-2022,M1 Room,1,9:17:51,0,1,0
09-04-2022,M1 Room,1,9:17:52,0,1,0
09-04-2022,M1 Room,1,9:18:17,0,1,0
09-04-2022,M1 Room,1,9:18:28,0,1,0
09-04-2022,M1 Room,2,9:18:40,1,1,0
09-04-2022,M1 Room,2,9:18:53,1,1,0
09-04-2022,M1 Room,3,9:18:55,0,3,0
09-04-2022,M1 Room,1,9:25:05,0,1,0
09-04-2022,M1 Room,1,9:25:51,1,0,0
09-04-2022,M1 Room,1,9:53:36,0,1,0
09-04-2022,M1 Room,0,9:53:52,0,0,0
09-04-2022,M1 Room,2,17:52:58,0,2,0
09-04-2022,M1 Room,1,17:53:06,0,1,0
11-04-2022,M1 Room,2,9:30:37,0,2,0
11-04-2022,M1 Room,3,9:30:48,1,2,0
11-04-2022,M1 Room,2,9:37:00,0,2,0
11-04-2022,M1 Room,1,9:37:04,0,1,0
11-04-2022,M1 Room,6,9:54:46,3,3,0
11-04-2022,M1 Room,6,9:54:49,3,3,0
11-04-2022,M1 Room,6,9:54:56,3,3,0
11-04-2022,M1 Room,3,10:02:27,1,2,0
11-04-2022,M1 Room,2,10:02:34,1,1,0
11-04-2022,M1 Room,1,8:33:38,0,1,0
11-04-2022,M1 Room,1,8:33:47,0,1,0
11-04-2022,M1 Room,2,8:52:39,0,2,0
11-04-2022,M1 Room,1,8:52:47,0,1,0
12-04-2022,M1 Room,6,12:33:33,2,2,2
12-04-2022,M1 Room,4,12:34:52,2,1,1
12-04-2022,M1 Room,4,13:00:33,1,2,1
12-04-2022,M1 Room,2,13:01:24,1,1,0
12-04-2022,M1 Room,4,15:23:49,1,2,1
12-04-2022,M1 Room,3,15:24:48,0,2,1
12-04-2022,M1 Room,3,15:25:14,1,1,1
12-04-2022,M1 Room,3,15:26:05,1,2,0
12-04-2022,M1 Room,5,15:28:00,1,2,2
12-04-2022,M1 Room,4,15:28:16,2,1,1
12-04-2022,M1 Room,2,15:28:58,1,1,0
12-04-2022,M1 Room,3,15:36:32,0,2,1
12-04-2022,M1 Room,4,15:37:07,1,3,0
12-04-2022,M1 Room,4,15:38:04,0,3,1
12-04-2022,M1 Room,3,15:38:27,0,2,1
12-04-2022,M1 Room,2,15:38:42,0,2,0
12-04-2022,M1 Room,2,15:54:50,0,1,1
12-04-2022,M1 Room,2,15:55:04,1,1,0
12-04-2022,M1 Room,4,16:01:02,1,2,1
12-04-2022,M1 Room,3,16:01:27,1,2,0
12-04-2022,M1 Room,3,16:02:25,1,1,1
12-04-2022,M1 Room,4,16:03:07,2,2,0
12-04-2022,M1 Room,5,16:04:39,2,2,1
12-04-2022,M1 Room,3,16:04:56,1,2,0
12-04-2022,M1 Room,4,16:09:02,2,1,1
12-04-2022,M1 Room,3,16:09:12,2,1,0
12-04-2022,M1 Room,4,17:09:02,2,1,1
12-04-2022,M1 Room,3,17:09:15,2,1,0
12-04-2022,M1 Room,2,17:57:28,1,0,1
12-04-2022,M1 Room,2,17:57:57,2,0,0
12-04-2022,M1 Room,4,18:20:52,2,1,1
12-04-2022,M1 Room,2,18:21:42,0,2,0
12-04-2022,M1 Room,3,19:25:53,1,1,1
12-04-2022,M1 Room,2,19:26:03,1,1,0
12-04-2022,M1 Room,1,9:41:14,0,1,0
12-04-2022,M1 Room,1,9:41:16,1,0,0
12-04-2022,M1 Room,2,9:46:31,0,2,0
12-04-2022,M1 Room,5,9:51:23,2,2,1
12-04-2022,M1 Room,1,12:51:23,0,1,0
12-04-2022,M1 Room,1,12:51:28,1,0,0
12-04-2022,M1 Room,1,12:51:29,0,1,0
12-04-2022,M1 Room,1,12:51:47,1,0,0
12-04-2022,M1 Room,3,12:52:12,0,3,0
12-04-2022,M1 Room,2,12:52:41,0,2,0
12-04-2022,M1 Room,2,12:52:47,0,2,0
12-04-2022,M1 Room,5,12:52:48,2,1,2
12-04-2022,M1 Room,2,12:52:52,0,2,0
12-04-2022,M1 Room,2,12:52:58,0,2,0
12-04-2022,M1 Room,2,12:53:02,0,2,0
12-04-2022,M1 Room,1,12:53:28,0,1,0
12-04-2022,M1 Room,2,12:53:44,0,2,0
12-04-2022,M1 Room,5,12:53:46,1,2,2
12-04-2022,M1 Room,2,12:54:08,0,2,0
12-04-2022,M1 Room,5,12:54:27,1,2,2
12-04-2022,M1 Room,2,12:56:04,0,2,0
12-04-2022,M1 Room,2,12:56:10,0,2,0
12-04-2022,M1 Room,1,12:56:17,0,1,0
12-04-2022,M1 Room,1,12:56:32,0,1,0
12-04-2022,M1 Room,2,12:56:42,0,2,0
12-04-2022,M1 Room,2,12:56:45,0,2,0
12-04-2022,M1 Room,1,12:56:52,0,1,0
12-04-2022,M1 Room,2,12:57:00,0,2,0
12-04-2022,M1 Room,0,12:57:12,0,0,0
12-04-2022,M1 Room,1,12:58:43,0,1,0
12-04-2022,M1 Room,0,12:58:50,0,0,0
12-04-2022,M1 Room,2,12:59:08,0,2,0
12-04-2022,M1 Room,2,12:59:12,0,2,0
12-04-2022,M1 Room,5,12:59:16,2,1,2
12-04-2022,M1 Room,1,12:59:42,0,1,0
12-04-2022,M1 Room,4,12:59:49,2,2,0
12-04-2022,M1 Room,4,15:10:33,2,1,1
12-04-2022,M1 Room,3,15:10:46,1,1,1
12-04-2022,M1 Room,2,15:10:55,1,1,0
12-04-2022,M1 Room,3,15:24:48,0,2,1
12-04-2022,M1 Room,3,15:25:14,1,1,1
12-04-2022,M1 Room,1,19:53:20,0,1,0
12-04-2022,M1 Room,2,19:53:27,0,2,0
13-04-2022,M1 Room,3,12:51:51,1,1,1
13-04-2022,M1 Room,1,12:55:53,0,1,0
13-04-2022,M1 Room,2,20:57:19,1,0,1
13-04-2022,M1 Room,1,20:57:25,1,0,0
14-04-2022,M1 Room,4,18:21:49,1,1,2
14-04-2022,M1 Room,4,18:22:08,1,1,2
14-04-2022,M1 Room,2,18:24:55,0,2,0
14-04-2022,M1 Room,2,18:24:59,0,2,0
14-04-2022,M1 Room,3,18:25:09,1,1,1
14-04-2022,M1 Room,2,18:25:34,0,2,0
14-04-2022,M1 Room,2,18:25:37,0,2,0
14-04-2022,M1 Room,2,18:25:46,0,2,0
14-04-2022,M1 Room,4,18:26:11,2,2,0
14-04-2022,M1 Room,1,0:01:46,0,1,0
14-04-2022,M1 Room,1,0:01:51,0,1,0
14-04-2022,M1 Room,1,0:02:14,0,1,0
14-04-2022,M1 Room,1,0:02:27,0,1,0
15-04-2022,M1 Room,2,23:16:05,0,2,0
15-04-2022,M1 Room,1,23:16:14,0,1,0
16-04-2022,M1 Room,2,4:37:22,0,2,0
16-04-2022,M1 Room,2,4:37:28,0,2,0
16-04-2022,M1 Room,2,4:37:32,0,2,0
16-04-2022,M1 Room,2,4:39:26,0,2,0
16-04-2022,M1 Room,2,4:39:50,0,2,0
16-04-2022,M1 Room,2,4:40:04,0,2,0
16-04-2022,M1 Room,2,4:40:12,0,2,0
16-04-2022,M1 Room,2,4:40:35,0,2,0
16-04-2022,M1 Room,2,4:41:12,0,2,0
16-04-2022,M1 Room,2,4:41:22,0,2,0
16-04-2022,M1 Room,2,4:41:30,0,2,0
16-04-2022,M1 Room,2,4:41:55,0,2,0
16-04-2022,M1 Room,2,4:42:03,0,2,0
16-04-2022,M1 Room,2,4:43:59,0,2,0
16-04-2022,M1 Room,2,4:44:07,0,2,0
16-04-2022,M1 Room,2,4:44:13,0,2,0
16-04-2022,M1 Room,1,4:44:32,0,1,0
16-04-2022,M1 Room,2,4:46:00,0,2,0
16-04-2022,M1 Room,2,4:46:10,0,2,0
16-04-2022,M1 Room,1,4:48:52,0,1,0
16-04-2022,M1 Room,1,4:48:58,0,1,0
16-04-2022,M1 Room,2,5:00:40,0,2,0
16-04-2022,M1 Room,2,5:00:51,0,2,0
16-04-2022,M1 Room,2,5:01:50,0,2,0
16-04-2022,M1 Room,2,5:02:19,0,2,0
16-04-2022,M1 Room,3,5:02:38,1,2,0
16-04-2022,M1 Room,1,5:02:59,0,1,0
16-04-2022,M1 Room,2,5:03:02,0,2,0
16-04-2022,M1 Room,2,5:03:32,0,2,0
16-04-2022,M1 Room,2,5:04:02,0,2,0
16-04-2022,M1 Room,2,5:04:31,0,2,0
16-04-2022,M1 Room,2,5:04:45,0,2,0
16-04-2022,M1 Room,2,5:04:57,0,2,0
16-04-2022,M1 Room,2,5:05:00,0,2,0
16-04-2022,M1 Room,2,5:05:05,0,2,0
16-04-2022,M1 Room,2,5:05:14,0,2,0
16-04-2022,M1 Room,2,5:07:58,0,2,0
16-04-2022,M1 Room,3,5:08:15,0,3,0
16-04-2022,M1 Room,3,5:08:19,0,3,0
16-04-2022,M1 Room,3,5:08:25,0,3,0
16-04-2022,M1 Room,1,5:08:31,0,1,0
16-04-2022,M1 Room,3,5:13:45,0,3,0
16-04-2022,M1 Room,3,5:13:50,0,3,0
16-04-2022,M1 Room,3,5:13:54,0,3,0
16-04-2022,M1 Room,3,5:14:11,0,3,0
16-04-2022,M1 Room,3,5:14:18,0,3,0
16-04-2022,M1 Room,2,5:14:23,0,2,0
16-04-2022,M1 Room,1,5:23:02,0,1,0
16-04-2022,M1 Room,1,5:23:09,0,1,0
16-04-2022,M1 Room,1,5:23:14,0,1,0
16-04-2022,M1 Room,3,5:35:06,0,3,0
16-04-2022,M1 Room,3,5:35:09,0,3,0
16-04-2022,M1 Room,1,5:35:18,0,1,0
16-04-2022,M1 Room,3,5:35:23,0,3,0
16-04-2022,M1 Room,1,5:35:35,0,1,0
16-04-2022,M1 Room,2,5:36:08,0,2,0
16-04-2022,M1 Room,2,5:36:12,0,2,0
16-04-2022,M1 Room,3,5:43:43,0,3,0
16-04-2022,M1 Room,2,5:44:03,0,2,0
16-04-2022,M1 Room,2,5:54:43,0,2,0
16-04-2022,M1 Room,2,5:54:49,0,2,0
16-04-2022,M1 Room,1,5:54:53,0,1,0
16-04-2022,M1 Room,4,6:14:22,1,3,0
16-04-2022,M1 Room,3,6:14:32,1,2,0
16-04-2022,M1 Room,2,7:57:36,0,2,0
16-04-2022,M1 Room,1,7:57:45,0,1,0
16-04-2022,M1 Room,2,7:59:52,0,2,0
16-04-2022,M1 Room,1,7:59:56,0,1,0
16-04-2022,M1 Room,1,9:21:43,0,1,0
16-04-2022,M1 Room,1,9:21:51,0,1,0
16-04-2022,M1 Room,2,9:59:06,0,2,0
16-04-2022,M1 Room,2,9:59:14,0,2,0
16-04-2022,M1 Room,1,2:55:23,0,1,0
16-04-2022,M1 Room,1,2:55:33,0,1,0
16-04-2022,M1 Room,2,3:15:15,0,2,0
16-04-2022,M1 Room,1,3:15:18,0,1,0
16-04-2022,M1 Room,2,3:16:05,0,2,0
16-04-2022,M1 Room,1,3:16:11,0,1,0
16-04-2022,M1 Room,2,3:44:06,0,2,0
16-04-2022,M1 Room,2,3:44:36,0,2,0
16-04-2022,M1 Room,3,3:45:50,0,3,0
16-04-2022,M1 Room,2,3:45:54,0,2,0
16-04-2022,M1 Room,2,3:59:42,0,2,0
16-04-2022,M1 Room,2,3:59:44,0,2,0
16-04-2022,M1 Room,2,3:59:58,0,2,0
16-04-2022,M1 Room,3,4:11:25,0,3,0
16-04-2022,M1 Room,1,4:11:39,0,1,0
16-04-2022,M1 Room,1,4:23:37,0,1,0
16-04-2022,M1 Room,1,4:23:47,0,1,0
16-04-2022,M1 Room,1,4:23:58,0,1,0
16-04-2022,M1 Room,1,4:24:55,0,1,0
16-04-2022,M1 Room,1,4:25:03,0,1,0
16-04-2022,M1 Room,1,4:25:14,0,1,0
16-04-2022,M1 Room,3,8:47:13,1,2,0
16-04-2022,M1 Room,1,8:47:24,0,1,0
16-04-2022,M1 Room,1,8:47:40,0,1,0
16-04-2022,M1 Room,2,8:47:45,0,2,0
16-04-2022,M1 Room,1,8:48:02,0,1,0
16-04-2022,M1 Room,1,8:48:06,0,1,0
16-04-2022,M1 Room,1,8:48:25,0,1,0
16-04-2022,M1 Room,2,8:54:50,0,2,0
16-04-2022,M1 Room,1,8:55:06,0,1,0
16-04-2022,M1 Room,2,9:00:59,0,2,0
16-04-2022,M1 Room,1,9:01:10,0,1,0
16-04-2022,M1 Room,1,9:02:15,0,1,0
16-04-2022,M1 Room,0,9:02:25,0,0,0
16-04-2022,M1 Room,1,9:55:15,0,1,0
16-04-2022,M1 Room,0,9:55:22,0,0,0
16-04-2022,M1 Room,5,10:49:33,2,3,0
16-04-2022,M1 Room,2,10:49:49,1,1,0
18-04-2022,M1 Room,3,10:04:54,0,2,1
18-04-2022,M1 Room,3,10:12:50,1,0,2
18-04-2022,M1 Room,3,10:16:17,1,0,2
18-04-2022,M1 Room,5,10:16:31,2,0,3
18-04-2022,M1 Room,1,10:16:32,0,1,0
18-04-2022,M1 Room,7,10:18:26,1,4,2
18-04-2022,M1 Room,1,10:21:15,0,1,0
18-04-2022,M1 Room,5,10:38:20,0,2,3
18-04-2022,M1 Room,5,10:38:32,0,2,3
18-04-2022,M1 Room,5,10:38:40,0,2,3
18-04-2022,M1 Room,6,10:41:35,0,3,3
18-04-2022,M1 Room,1,10:41:53,0,1,0
18-04-2022,M1 Room,6,10:43:07,1,3,2
18-04-2022,M1 Room,2,10:43:09,0,2,0
18-04-2022,M1 Room,6,12:16:57,2,3,1
18-04-2022,M1 Room,1,12:17:00,1,0,0
18-04-2022,M1 Room,5,12:27:25,0,3,2
18-04-2022,M1 Room,0,12:27:33,0,0,0
18-04-2022,M1 Room,3,12:28:34,0,2,1
18-04-2022,M1 Room,1,12:28:47,1,0,0
18-04-2022,M1 Room,3,17:27:10,1,1,1
18-04-2022,M1 Room,1,17:28:30,0,1,0
18-04-2022,M1 Room,3,17:35:05,0,2,1
18-04-2022,M1 Room,1,17:35:19,0,1,0
18-04-2022,M1 Room,2,17:35:24,0,1,1
18-04-2022,M1 Room,3,17:35:29,1,1,1
18-04-2022,M1 Room,0,21:43:09,0,0,0
18-04-2022,M1 Room,1,22:18:51,0,0,1
18-04-2022,M1 Room,2,22:19:14,1,1,0
18-04-2022,M1 Room,1,22:19:59,0,0,1
18-04-2022,M1 Room,0,22:20:13,0,0,0
18-04-2022,M1 Room,1,22:48:07,0,0,1
18-04-2022,M1 Room,0,22:49:09,0,0,0
18-04-2022,M1 Room,1,22:52:16,0,0,1
18-04-2022,M1 Room,1,22:52:32,0,0,1
18-04-2022,M1 Room,0,22:53:25,0,0,0
18-04-2022,M1 Room,2,23:03:38,0,1,1
18-04-2022,M1 Room,1,23:04:28,0,1,0
18-04-2022,M1 Room,3,23:16:20,0,2,1
18-04-2022,M1 Room,1,23:16:36,0,1,0
18-04-2022,M1 Room,1,23:22:17,0,0,1
18-04-2022,M1 Room,0,23:22:55,0,0,0
18-04-2022,M1 Room,2,23:34:57,0,1,1
18-04-2022,M1 Room,3,23:35:42,0,3,0
18-04-2022,M1 Room,1,23:36:41,0,1,0
18-04-2022,M1 Room,1,23:36:47,0,1,0
19-04-2022,M1 Room,2,0:17:28,0,1,1
19-04-2022,M1 Room,2,0:17:52,0,2,0
19-04-2022,M1 Room,1,0:24:04,1,0,0
19-04-2022,M1 Room,0,0:24:27,0,0,0
19-04-2022,M1 Room,1,1:37:45,1,0,0
19-04-2022,M1 Room,1,1:38:36,0,0,1
19-04-2022,M1 Room,1,1:38:45,0,0,1
19-04-2022,M1 Room,1,1:39:05,0,0,1
19-04-2022,M1 Room,1,1:39:15,0,0,1
19-04-2022,M1 Room,3,1:39:45,2,1,0
19-04-2022,M1 Room,2,1:42:13,2,0,0
19-04-2022,M1 Room,2,1:42:21,2,0,0
19-04-2022,M1 Room,2,1:42:33,2,0,0
19-04-2022,M1 Room,2,1:42:45,2,0,0
19-04-2022,M1 Room,1,9:18:30,0,1,0
19-04-2022,M1 Room,1,9:18:42,0,1,0
19-04-2022,M1 Room,1,9:18:50,0,1,0
19-04-2022,M1 Room,1,9:18:58,0,1,0
19-04-2022,M1 Room,1,9:19:26,0,1,0
19-04-2022,M1 Room,1,9:19:34,0,1,0
19-04-2022,M1 Room,0,9:20:08,0,0,0
19-04-2022,M1 Room,2,9:39:57,2,0,0
19-04-2022,M1 Room,3,9:41:48,3,0,0
19-04-2022,M1 Room,2,9:42:34,2,0,0
19-04-2022,M1 Room,3,9:42:43,3,0,0
19-04-2022,M1 Room,0,9:43:03,0,0,0
19-04-2022,M1 Room,4,9:48:07,4,0,0
19-04-2022,M1 Room,0,9:48:27,0,0,0
19-04-2022,M1 Room,1,9:49:30,0,1,0
19-04-2022,M1 Room,0,9:49:33,0,0,0
19-04-2022,M1 Room,3,9:52:03,2,1,0
19-04-2022,M1 Room,0,9:52:41,0,0,0
19-04-2022,M1 Room,1,9:53:05,0,1,0
19-04-2022,M1 Room,0,9:53:12,0,0,0
19-04-2022,M1 Room,1,9:53:30,0,1,0
19-04-2022,M1 Room,0,9:53:38,0,0,0
19-04-2022,M1 Room,4,10:41:19,3,0,1
19-04-2022,M1 Room,3,10:42:02,1,0,2
19-04-2022,M1 Room,2,10:43:16,2,0,0
19-04-2022,M1 Room,3,10:52:31,2,0,1
19-04-2022,M1 Room,3,10:52:47,2,0,1
19-04-2022,M1 Room,3,10:53:08,3,0,0
19-04-2022,M1 Room,2,10:53:14,2,0,0
19-04-2022,M1 Room,0,10:55:06,0,0,0
19-04-2022,M1 Room,4,10:56:41,2,2,0
19-04-2022,M1 Room,0,11:37:17,0,0,0
19-04-2022,M1 Room,7,11:49:41,4,3,0
19-04-2022,M1 Room,6,11:50:33,3,3,0
19-04-2022,M1 Room,6,11:50:50,4,2,0
19-04-2022,M1 Room,6,11:50:58,3,3,0
19-04-2022,M1 Room,6,11:52:36,5,1,0
19-04-2022,M1 Room,0,11:54:35,0,0,0
19-04-2022,M1 Room,6,11:54:53,3,2,1
19-04-2022,M1 Room,7,11:57:44,2,5,0
19-04-2022,M1 Room,6,12:03:55,5,1,0
19-04-2022,M1 Room,0,12:04:57,0,0,0
19-04-2022,M1 Room,6,12:06:33,3,2,1
19-04-2022,M1 Room,6,12:07:26,2,3,1
19-04-2022,M1 Room,6,12:09:46,2,4,0
19-04-2022,M1 Room,1,14:50:54,0,1,0
19-04-2022,M1 Room,0,14:51:00,0,0,0
20-04-2022,M1 Room,1,9:22:53,0,1,0
20-04-2022,M1 Room,0,9:22:58,0,0,0
20-04-2022,M1 Room,1,9:47:38,0,1,0
20-04-2022,M1 Room,0,9:47:43,0,0,0
20-04-2022,M1 Room,1,17:45:04,0,1,0
20-04-2022,M1 Room,1,17:45:06,0,0,1
20-04-2022,M1 Room,4,17:55:46,1,3,0
20-04-2022,M1 Room,2,17:56:37,0,2,0
20-04-2022,M1 Room,2,17:56:42,0,2,0
20-04-2022,M1 Room,2,17:56:57,0,2,0
20-04-2022,M1 Room,2,17:57:16,0,2,0
20-04-2022,M1 Room,2,17:58:05,0,2,0
20-04-2022,M1 Room,2,17:58:09,0,2,0
20-04-2022,M1 Room,2,17:58:28,0,2,0
20-04-2022,M1 Room,2,17:58:49,0,2,0
20-04-2022,M1 Room,1,17:59:01,0,0,1
20-04-2022,M1 Room,2,18:17:32,0,2,0
20-04-2022,M1 Room,2,18:17:47,0,2,0
20-04-2022,M1 Room,5,18:46:35,1,4,0
20-04-2022,M1 Room,2,18:46:40,2,0,0
20-04-2022,M1 Room,1,23:14:44,0,1,0
20-04-2022,M1 Room,1,23:15:16,0,1,0
20-04-2022,M1 Room,1,23:15:34,0,1,0
20-04-2022,M1 Room,1,23:16:38,0,1,0
20-04-2022,M1 Room,1,23:17:04,0,1,0
20-04-2022,M1 Room,1,23:17:22,0,1,0
20-04-2022,M1 Room,1,23:17:43,0,1,0
20-04-2022,M1 Room,1,23:19:02,0,1,0
20-04-2022,M1 Room,1,23:19:33,0,1,0
20-04-2022,M1 Room,1,23:21:31,0,1,0
20-04-2022,M1 Room,1,23:21:47,0,1,0
